tripinfo_arrival;tripinfo_arrivalLane;tripinfo_arrivalPos;tripinfo_arrivalSpeed;tripinfo_depart;tripinfo_departDelay;tripinfo_departLane;tripinfo_departPos;tripinfo_departSpeed;tripinfo_devices;tripinfo_duration;tripinfo_id;tripinfo_rerouteNo;tripinfo_routeLength;tripinfo_speedFactor;tripinfo_stopTime;tripinfo_timeLoss;tripinfo_vType;tripinfo_vaporized;tripinfo_waitingCount;tripinfo_waitingTime;emissions_CO2_abs;emissions_CO_abs;emissions_HC_abs;emissions_NOx_abs;emissions_PMx_abs;emissions_electricity_abs;emissions_fuel_abs
59.00;E2D2_0;85.60;13.64;0.00;0.00;A4B4_0;4.60;0.00;tripinfo_flow_0.0 emissions_flow_0.0;59.00;flow_0.0;0;675.81;1.06;0.00;9.71;car;;0;0.00;172724.53;1854.83;12.38;68.63;2.90;0.00;55107.47
77.00;C0B0_0;85.60;9.62;0.00;0.00;A2A3_0;7.60;0.00;tripinfo_flow_1.0 emissions_flow_1.0;77.00;flow_1.0;0;661.89;0.94;0.00;9.38;bus;;0;0.00;158578.22;2226.91;13.94;63.64;2.83;0.00;50592.66
667.00;C0B0_0;85.60;9.93;588.00;0.24;A2A3_0;7.60;0.00;tripinfo_flow_1.1 emissions_flow_1.1;79.00;flow_1.1;0;661.89;1.01;0.00;10.46;bus;;0;0.00;164517.04;2293.87;14.34;64.95;2.81;0.00;52487.69
1253.00;C0B0_0;85.60;9.36;1176.00;0.48;A2A3_0;7.60;0.00;tripinfo_flow_1.2 emissions_flow_1.2;77.00;flow_1.2;0;661.89;1.08;0.00;9.16;bus;;0;0.00;157964.55;2194.89;13.74;62.32;2.69;0.00;50397.20
1690.00;E2D2_0;85.60;13.78;1631.00;0.81;A4B4_0;4.60;0.00;tripinfo_flow_0.1 emissions_flow_0.1;59.00;flow_0.1;0;675.81;1.03;0.00;9.91;car;;0;0.00;174077.61;1892.41;12.78;70.23;3.03;0.00;55538.74
1844.00;C0B0_0;85.60;8.72;1764.00;0.72;A2A3_0;7.60;0.00;tripinfo_flow_1.3 emissions_flow_1.3;80.00;flow_1.3;0;661.89;0.83;0.00;11.20;bus;;0;0.00;173685.55;2528.64;15.63;69.00;3.06;0.00;55412.54
2429.00;C0B0_0;85.60;9.66;2352.00;0.96;A2A3_0;7.60;0.00;tripinfo_flow_1.4 emissions_flow_1.4;77.00;flow_1.4;0;661.89;1.05;0.00;9.01;bus;;0;0.00;167416.99;2305.87;14.43;65.03;2.73;0.00;53413.22
3017.00;C0B0_0;85.60;9.54;2939.00;0.20;A2A3_0;7.60;0.00;tripinfo_flow_1.5 emissions_flow_1.5;78.00;flow_1.5;0;661.89;0.89;0.00;8.97;bus;;0;0.00;164531.80;2250.75;14.15;64.85;2.78;0.00;52492.50
3324.00;E2D2_0;85.60;12.61;3261.00;0.62;A4B4_0;4.60;0.00;tripinfo_flow_0.2 emissions_flow_0.2;63.00;flow_0.2;0;675.81;0.94;0.00;10.12;car;;0;0.00;162917.31;1837.94;12.34;65.96;2.85;0.00;51977.80
3605.00;C0B0_0;85.60;9.65;3527.00;0.44;A2A3_0;7.60;0.00;tripinfo_flow_1.6 emissions_flow_1.6;78.00;flow_1.6;0;661.89;0.86;0.00;9.55;bus;;0;0.00;162208.35;2232.17;14.02;64.28;2.79;0.00;51751.11
4191.00;C0B0_0;85.60;9.70;4115.00;0.68;A2A3_0;7.60;0.00;tripinfo_flow_1.7 emissions_flow_1.7;76.00;flow_1.7;0;661.89;1.09;0.00;8.89;bus;;0;0.00;159629.09;2152.91;13.59;62.73;2.67;0.00;50928.42
4782.00;C0B0_0;85.60;9.12;4703.00;0.92;A2A3_0;7.60;0.00;tripinfo_flow_1.8 emissions_flow_1.8;79.00;flow_1.8;0;661.89;1.03;0.00;11.04;bus;;0;0.00;169661.85;2442.37;15.13;67.04;2.94;0.00;54128.96
4952.00;E2D2_0;85.60;13.81;4891.00;0.43;A4B4_0;4.60;0.00;tripinfo_flow_0.3 emissions_flow_0.3;61.00;flow_0.3;0;675.81;1.05;0.00;10.53;car;;0;0.00;171574.25;1743.03;12.06;68.31;2.82;0.00;54740.47
5367.00;C0B0_0;85.60;8.92;5290.00;0.16;A2A3_0;7.60;0.00;tripinfo_flow_1.9 emissions_flow_1.9;77.00;flow_1.9;0;661.89;1.12;0.00;9.45;bus;;0;0.00;159823.24;2233.56;13.96;63.22;2.75;0.00;50990.14
5955.00;C0B0_0;85.60;9.33;5878.00;0.40;A2A3_0;7.60;0.00;tripinfo_flow_1.10 emissions_flow_1.10;77.00;flow_1.10;0;661.89;0.99;0.00;9.34;bus;;0;0.00;155556.87;2197.63;13.71;62.01;2.73;0.00;49628.82
6545.00;C0B0_0;85.60;9.96;6466.00;0.64;A2A3_0;7.60;0.00;tripinfo_flow_1.11 emissions_flow_1.11;79.00;flow_1.11;0;661.89;0.93;0.00;9.81;bus;;0;0.00;177311.59;2525.78;15.69;69.87;3.04;0.00;56569.63
6589.00;E2D2_0;85.60;11.58;6521.00;0.24;A4B4_0;4.60;0.00;tripinfo_flow_0.4 emissions_flow_0.4;68.00;flow_0.4;0;675.81;0.88;0.00;10.91;car;;0;0.00;164445.63;1988.05;13.01;65.36;2.79;0.00;52465.44
7133.00;C0B0_0;85.60;9.71;7054.00;0.88;A2A3_0;7.60;0.00;tripinfo_flow_1.12 emissions_flow_1.12;79.00;flow_1.12;0;661.89;0.94;0.00;10.22;bus;;0;0.00;171020.63;2433.93;15.13;67.62;2.96;0.00;54562.50
7719.00;C0B0_0;85.60;9.75;7641.00;0.12;A2A3_0;7.60;0.00;tripinfo_flow_1.13 emissions_flow_1.13;78.00;flow_1.13;0;661.89;0.94;0.00;9.77;bus;;0;0.00;170721.33;2392.32;14.93;67.17;2.90;0.00;54467.15
8209.00;E2D2_0;85.60;13.38;8151.00;0.05;A4B4_0;4.60;0.00;tripinfo_flow_0.5 emissions_flow_0.5;58.00;flow_0.5;0;675.81;1.16;0.00;8.61;car;;0;0.00;163035.35;1602.43;11.09;64.16;2.59;0.00;52016.51
8306.00;C0B0_0;85.60;8.95;8229.00;0.36;A2A3_0;7.60;0.00;tripinfo_flow_1.14 emissions_flow_1.14;77.00;flow_1.14;0;661.89;1.02;0.00;8.84;bus;;0;0.00;153223.11;2045.19;12.94;60.17;2.54;0.00;48884.69
8896.00;C0B0_0;85.60;9.83;8817.00;0.60;A2A3_0;7.60;0.00;tripinfo_flow_1.15 emissions_flow_1.15;79.00;flow_1.15;0;661.89;1.01;0.00;10.71;bus;;0;0.00;167900.02;2424.65;15.00;66.22;2.90;0.00;53566.89
9484.00;C0B0_0;85.60;9.16;9405.00;0.84;A2A3_0;7.60;0.00;tripinfo_flow_1.16 emissions_flow_1.16;79.00;flow_1.16;0;661.89;0.97;0.00;10.95;bus;;0;0.00;169247.52;2458.17;15.21;67.38;3.00;0.00;53996.61
9849.00;E2D2_0;85.60;12.35;9782.00;0.86;A4B4_0;4.60;0.00;tripinfo_flow_0.6 emissions_flow_0.6;67.00;flow_0.6;0;675.81;0.89;0.00;11.25;car;;0;0.00;165498.92;1949.43;12.90;65.72;2.78;0.00;52801.60
10072.00;C0B0_0;85.60;9.95;9992.00;0.08;A2A3_0;7.60;0.00;tripinfo_flow_1.17 emissions_flow_1.17;80.00;flow_1.17;0;661.89;0.83;0.00;10.98;bus;;0;0.00;171996.60;2477.66;15.32;67.15;2.90;0.00;54874.06
10660.00;C0B0_0;85.60;9.46;10580.00;0.32;A2A3_0;7.60;0.00;tripinfo_flow_1.18 emissions_flow_1.18;80.00;flow_1.18;0;661.89;0.87;0.00;11.11;bus;;0;0.00;165673.70;2413.94;14.90;65.45;2.88;0.00;52856.54
11245.00;C0B0_0;85.60;9.27;11168.00;0.56;A2A3_0;7.60;0.00;tripinfo_flow_1.19 emissions_flow_1.19;77.00;flow_1.19;0;661.89;0.92;0.00;8.87;bus;;0;0.00;162432.63;2187.34;13.79;63.30;2.66;0.00;51823.02
11475.00;E2D2_0;85.60;12.98;11412.00;0.67;A4B4_0;4.60;0.00;tripinfo_flow_0.7 emissions_flow_0.7;63.00;flow_0.7;0;675.81;0.95;0.00;9.81;car;;0;0.00;167730.62;1762.45;11.94;65.76;2.68;0.00;53514.33
11833.00;C0B0_0;85.60;9.35;11756.00;0.80;A2A3_0;7.60;0.00;tripinfo_flow_1.20 emissions_flow_1.20;77.00;flow_1.20;0;661.89;1.13;0.00;8.98;bus;;0;0.00;161532.85;2206.13;13.89;63.93;2.76;0.00;51535.64
12422.00;C0B0_0;85.60;9.92;12343.00;0.04;A2A3_0;7.60;0.00;tripinfo_flow_1.21 emissions_flow_1.21;79.00;flow_1.21;0;661.89;0.93;0.00;10.37;bus;;0;0.00;167842.88;2384.22;14.80;65.61;2.82;0.00;53548.88
13007.00;C0B0_0;85.60;9.23;12931.00;0.28;A2A3_0;7.60;0.00;tripinfo_flow_1.22 emissions_flow_1.22;76.00;flow_1.22;0;661.89;1.18;0.00;8.99;bus;;0;0.00;169896.12;2284.04;14.41;66.33;2.79;0.00;54204.17
13101.00;E2D2_0;85.60;12.80;13042.00;0.48;A4B4_0;4.60;0.00;tripinfo_flow_0.8 emissions_flow_0.8;59.00;flow_0.8;0;675.81;1.15;0.00;9.86;car;;0;0.00;165964.63;1816.84;12.23;66.48;2.85;0.00;52950.45
13597.00;C0B0_0;85.60;9.98;13519.00;0.52;A2A3_0;7.60;0.00;tripinfo_flow_1.23 emissions_flow_1.23;78.00;flow_1.23;0;661.89;1.01;0.00;10.00;bus;;0;0.00;164099.20;2271.32;14.22;64.49;2.76;0.00;52354.48
14183.00;C0B0_0;85.60;9.52;14107.00;0.76;A2A3_0;7.60;0.00;tripinfo_flow_1.24 emissions_flow_1.24;76.00;flow_1.24;0;661.89;1.17;0.00;8.72;bus;;0;0.00;162276.67;2199.21;13.89;64.48;2.79;0.00;51772.91
14734.00;E2D2_0;85.60;13.15;14672.00;0.29;A4B4_0;4.60;0.00;tripinfo_flow_0.9 emissions_flow_0.9;62.00;flow_0.9;0;675.81;0.99;0.00;11.36;car;;0;0.00;173506.87;1993.37;13.15;69.41;3.00;0.00;55356.66
14772.00;C0B0_0;85.60;9.68;14694.00;0.00;A2A3_0;7.60;0.00;tripinfo_flow_1.25 emissions_flow_1.25;78.00;flow_1.25;0;661.89;1.02;0.00;9.56;bus;;0;0.00;165636.10;2329.14;14.55;66.00;2.91;0.00;52844.53
15360.00;C0B0_0;85.60;9.86;15282.00;0.24;A2A3_0;7.60;0.00;tripinfo_flow_1.26 emissions_flow_1.26;78.00;flow_1.26;0;661.89;0.97;0.00;9.54;bus;;0;0.00;168987.91;2301.95;14.48;66.44;2.84;0.00;53914.24
15946.00;C0B0_0;85.60;9.81;15870.00;0.48;A2A3_0;7.60;0.00;tripinfo_flow_1.27 emissions_flow_1.27;76.00;flow_1.27;0;661.89;1.18;0.00;8.82;bus;;0;0.00;163736.10;2220.51;14.01;64.94;2.80;0.00;52238.56
16361.00;E2D2_0;85.60;12.91;16302.00;0.10;A4B4_0;4.60;0.00;tripinfo_flow_0.10 emissions_flow_0.10;59.00;flow_0.10;0;675.81;1.10;0.00;9.81;car;;0;0.00;170392.12;1843.26;12.45;68.52;2.92;0.00;54362.96
16537.00;C0B0_0;85.60;9.15;16458.00;0.72;A2A3_0;7.60;0.00;tripinfo_flow_1.28 emissions_flow_1.28;79.00;flow_1.28;0;661.89;0.90;0.00;10.58;bus;;0;0.00;176000.43;2464.99;15.38;69.16;2.98;0.00;56151.43
17123.00;C0B0_0;85.60;9.72;17046.00;0.96;A2A3_0;7.60;0.00;tripinfo_flow_1.29 emissions_flow_1.29;77.00;flow_1.29;0;661.89;1.03;0.00;8.69;bus;;0;0.00;161826.72;2182.72;13.80;64.26;2.77;0.00;51629.38
17712.00;C0B0_0;85.60;9.78;17633.00;0.20;A2A3_0;7.60;0.00;tripinfo_flow_1.30 emissions_flow_1.30;79.00;flow_1.30;0;661.89;0.96;0.00;10.68;bus;;0;0.00;173261.94;2426.82;15.14;68.12;2.94;0.00;55277.72
17992.00;E2D2_0;85.60;13.61;17933.00;0.91;A4B4_0;4.60;0.00;tripinfo_flow_0.11 emissions_flow_0.11;59.00;flow_0.11;0;675.81;1.09;0.00;9.13;car;;0;0.00;173134.72;1766.17;12.11;68.70;2.84;0.00;55238.45
18298.00;C0B0_0;85.60;9.32;18221.00;0.44;A2A3_0;7.60;0.00;tripinfo_flow_1.31 emissions_flow_1.31;77.00;flow_1.31;0;661.89;1.04;0.00;9.14;bus;;0;0.00;163257.62;2263.55;14.19;64.80;2.82;0.00;52085.82
18887.00;C0B0_0;85.60;9.92;18809.00;0.68;A2A3_0;7.60;0.00;tripinfo_flow_1.32 emissions_flow_1.32;78.00;flow_1.32;0;661.89;1.04;0.00;9.71;bus;;0;0.00;170647.21;2298.37;14.50;66.95;2.84;0.00;54443.70
19473.00;C0B0_0;85.60;9.50;19397.00;0.92;A2A3_0;7.60;0.00;tripinfo_flow_1.33 emissions_flow_1.33;76.00;flow_1.33;0;661.89;1.09;0.00;8.88;bus;;0;0.00;160371.51;2174.51;13.72;63.60;2.75;0.00;51165.11
19624.00;E2D2_0;85.60;13.57;19563.00;0.72;A4B4_0;4.60;0.00;tripinfo_flow_0.12 emissions_flow_0.12;61.00;flow_0.12;0;675.81;1.00;0.00;9.92;car;;0;0.00;177830.82;2019.67;13.43;71.64;3.12;0.00;56736.08
20064.00;C0B0_0;85.60;9.06;19984.00;0.16;A2A3_0;7.60;0.00;tripinfo_flow_1.34 emissions_flow_1.34;80.00;flow_1.34;0;661.89;0.90;0.00;11.96;bus;;0;0.00;169852.09;2447.00;15.14;66.66;2.89;0.00;54189.76
20652.00;C0B0_0;85.60;8.79;20572.00;0.40;A2A3_0;7.60;0.00;tripinfo_flow_1.35 emissions_flow_1.35;80.00;flow_1.35;0;661.89;0.88;0.00;10.91;bus;;0;0.00;163782.01;2302.49;14.35;64.40;2.78;0.00;52253.22
21240.00;C0B0_0;85.60;9.26;21160.00;0.64;A2A3_0;7.60;0.00;tripinfo_flow_1.36 emissions_flow_1.36;80.00;flow_1.36;0;661.89;0.85;0.00;10.60;bus;;0;0.00;170311.42;2441.37;15.13;66.81;2.90;0.00;54336.36
21263.00;E2D2_0;85.60;11.29;21193.00;0.53;A4B4_0;4.60;0.00;tripinfo_flow_0.13 emissions_flow_0.13;70.00;flow_0.13;0;675.81;0.85;0.00;10.77;car;;0;0.00;163908.36;2003.46;13.08;65.00;2.76;0.00;52293.99
21824.00;C0B0_0;85.60;9.94;21748.00;0.88;A2A3_0;7.60;0.00;tripinfo_flow_1.37 emissions_flow_1.37;76.00;flow_1.37;0;661.89;1.17;0.00;9.02;bus;;0;0.00;161659.97;2191.03;13.82;63.96;2.75;0.00;51576.23
22413.00;C0B0_0;85.60;8.85;22335.00;0.12;A2A3_0;7.60;0.00;tripinfo_flow_1.38 emissions_flow_1.38;78.00;flow_1.38;0;661.89;1.02;0.00;9.74;bus;;0;0.00;168086.24;2368.20;14.74;65.70;2.81;0.00;53626.55
22883.00;E2D2_0;85.60;13.66;22823.00;0.34;A4B4_0;4.60;0.00;tripinfo_flow_0.14 emissions_flow_0.14;60.00;flow_0.14;0;675.81;1.10;0.00;10.25;car;;0;0.00;170516.76;1873.23;12.52;67.83;2.87;0.00;54402.92
23001.00;C0B0_0;85.60;9.06;22923.00;0.36;A2A3_0;7.60;0.00;tripinfo_flow_1.39 emissions_flow_1.39;78.00;flow_1.39;0;661.89;1.00;0.00;9.76;bus;;0;0.00;163201.18;2287.73;14.25;63.60;2.71;0.00;52068.08
23589.00;C0B0_0;85.60;9.81;23511.00;0.60;A2A3_0;7.60;0.00;tripinfo_flow_1.40 emissions_flow_1.40;78.00;flow_1.40;0;661.89;1.00;0.00;10.20;bus;;0;0.00;170754.43;2457.72;15.25;68.04;3.02;0.00;54477.39
24179.00;C0B0_0;85.60;9.70;24099.00;0.84;A2A3_0;7.60;0.00;tripinfo_flow_1.41 emissions_flow_1.41;80.00;flow_1.41;0;661.89;0.90;0.00;11.46;bus;;0;0.00;179915.77;2606.77;16.13;71.19;3.14;0.00;57400.32
24512.00;E2D2_0;85.60;13.36;24453.00;0.15;A4B4_0;4.60;0.00;tripinfo_flow_0.15 emissions_flow_0.15;59.00;flow_0.15;0;675.81;1.14;0.00;9.10;car;;0;0.00;168247.26;1804.02;12.22;67.47;2.87;0.00;53678.74
24764.00;C0B0_0;85.60;9.18;24686.00;0.08;A2A3_0;7.60;0.00;tripinfo_flow_1.42 emissions_flow_1.42;78.00;flow_1.42;0;661.89;1.02;0.00;9.84;bus;;0;0.00;151347.61;2070.08;13.03;60.13;2.61;0.00;48286.06
25353.00;C0B0_0;85.60;9.44;25274.00;0.32;A2A3_0;7.60;0.00;tripinfo_flow_1.43 emissions_flow_1.43;79.00;flow_1.43;0;661.89;0.97;0.00;10.35;bus;;0;0.00;174139.37;2509.89;15.54;68.68;3.00;0.00;55557.50
25940.00;C0B0_0;85.60;9.73;25862.00;0.56;A2A3_0;7.60;0.00;tripinfo_flow_1.44 emissions_flow_1.44;78.00;flow_1.44;0;661.89;1.08;0.00;10.74;bus;;0;0.00;168783.87;2413.78;15.00;67.10;2.96;0.00;53848.76
26143.00;E2D2_0;85.60;13.13;26084.00;0.96;A4B4_0;4.60;0.00;tripinfo_flow_0.16 emissions_flow_0.16;59.00;flow_0.16;0;675.81;1.12;0.00;9.51;car;;0;0.00;169708.64;1847.14;12.33;67.85;2.89;0.00;54145.07
26529.00;C0B0_0;85.60;9.50;26450.00;0.80;A2A3_0;7.60;0.00;tripinfo_flow_1.45 emissions_flow_1.45;79.00;flow_1.45;0;661.89;1.02;0.00;11.20;bus;;0;0.00;168998.75;2414.30;14.99;66.68;2.91;0.00;53917.46
27114.00;C0B0_0;85.60;8.84;27037.00;0.04;A2A3_0;7.60;0.00;tripinfo_flow_1.46 emissions_flow_1.46;77.00;flow_1.46;0;661.89;0.99;0.00;9.17;bus;;0;0.00;155292.79;2179.76;13.58;60.86;2.61;0.00;49544.87
27703.00;C0B0_0;85.60;9.79;27625.00;0.28;A2A3_0;7.60;0.00;tripinfo_flow_1.47 emissions_flow_1.47;78.00;flow_1.47;0;661.89;0.94;0.00;9.66;bus;;0;0.00;170844.03;2369.45;14.84;67.42;2.91;0.00;54506.29
27781.00;E2D2_0;85.60;12.06;27714.00;0.77;A4B4_0;4.60;0.00;tripinfo_flow_0.17 emissions_flow_0.17;67.00;flow_0.17;0;675.81;0.88;0.00;10.49;car;;0;0.00;161579.73;1924.75;12.65;64.44;2.76;0.00;51551.09
28293.00;C0B0_0;85.60;9.11;28213.00;0.52;A2A3_0;7.60;0.00;tripinfo_flow_1.48 emissions_flow_1.48;80.00;flow_1.48;0;661.89;0.91;0.00;11.12;bus;;0;0.00;172206.76;2482.01;15.38;68.24;3.01;0.00;54940.83
28880.00;C0B0_0;85.60;9.09;28801.00;0.76;A2A3_0;7.60;0.00;tripinfo_flow_1.49 emissions_flow_1.49;79.00;flow_1.49;0;661.89;0.91;0.00;11.23;bus;;0;0.00;166764.49;2386.47;14.77;64.91;2.78;0.00;53204.86
29403.00;E2D2_0;85.60;13.45;29344.00;0.58;A4B4_0;4.60;0.00;tripinfo_flow_0.18 emissions_flow_0.18;59.00;flow_0.18;0;675.81;1.04;0.00;9.69;car;;0;0.00;172369.38;1744.92;11.87;67.97;2.78;0.00;54994.47
29466.00;C0B0_0;85.60;9.31;29388.00;0.00;A2A3_0;7.60;0.00;tripinfo_flow_1.50 emissions_flow_1.50;78.00;flow_1.50;0;661.89;1.02;0.00;9.95;bus;;0;0.00;165676.21;2279.98;14.27;64.44;2.72;0.00;52857.82
30053.00;C0B0_0;85.60;9.06;29976.00;0.24;A2A3_0;7.60;0.00;tripinfo_flow_1.51 emissions_flow_1.51;77.00;flow_1.51;0;661.89;1.02;0.00;8.84;bus;;0;0.00;158632.14;2152.84;13.58;62.79;2.70;0.00;50610.21
30643.00;C0B0_0;85.60;9.76;30564.00;0.48;A2A3_0;7.60;0.00;tripinfo_flow_1.52 emissions_flow_1.52;79.00;flow_1.52;0;661.89;0.97;0.00;10.95;bus;;0;0.00;177652.92;2483.99;15.52;70.20;3.04;0.00;56678.54
31037.00;E2D2_0;85.60;11.77;30974.00;0.39;A4B4_0;4.60;0.00;tripinfo_flow_0.19 emissions_flow_0.19;63.00;flow_0.19;0;675.81;0.94;0.00;10.33;car;;0;0.00;164070.45;1808.87;12.15;65.09;2.72;0.00;52346.16
31228.00;C0B0_0;85.60;9.50;31152.00;0.72;A2A3_0;7.60;0.00;tripinfo_flow_1.53 emissions_flow_1.53;76.00;flow_1.53;0;661.89;1.06;0.00;8.63;bus;;0;0.00;164336.10;2210.71;13.93;63.96;2.68;0.00;52430.33
31819.00;C0B0_0;85.60;8.81;31740.00;0.96;A2A3_0;7.60;0.00;tripinfo_flow_1.54 emissions_flow_1.54;79.00;flow_1.54;0;661.89;0.96;0.00;10.96;bus;;0;0.00;177462.89;2556.20;15.87;70.97;3.17;0.00;56617.58
32404.00;C0B0_0;85.60;9.35;32327.00;0.20;A2A3_0;7.60;0.00;tripinfo_flow_1.55 emissions_flow_1.55;77.00;flow_1.55;0;661.89;0.98;0.00;8.95;bus;;0;0.00;163372.17;2221.98;13.99;64.28;2.75;0.00;52122.58
32664.00;E2D2_0;85.60;13.25;32604.00;0.20;A4B4_0;4.60;0.00;tripinfo_flow_0.20 emissions_flow_0.20;60.00;flow_0.20;0;675.81;1.03;0.00;9.72;car;;0;0.00;170120.15;1889.73;12.45;67.30;2.87;0.00;54276.55
32992.00;C0B0_0;85.60;8.97;32915.00;0.44;A2A3_0;7.60;0.00;tripinfo_flow_1.56 emissions_flow_1.56;77.00;flow_1.56;0;661.89;0.98;0.00;9.02;bus;;0;0.00;154571.87;2107.52;13.27;61.14;2.63;0.00;49314.81
33580.00;C0B0_0;85.60;9.36;33503.00;0.68;A2A3_0;7.60;0.00;tripinfo_flow_1.57 emissions_flow_1.57;77.00;flow_1.57;0;661.89;1.01;0.00;9.45;bus;;0;0.00;158046.80;2221.43;13.85;62.18;2.68;0.00;50423.45
34167.00;C0B0_0;85.60;9.90;34091.00;0.92;A2A3_0;7.60;0.00;tripinfo_flow_1.58 emissions_flow_1.58;76.00;flow_1.58;0;661.89;1.09;0.00;8.81;bus;;0;0.00;161224.86;2175.20;13.73;63.48;2.71;0.00;51437.51
34293.00;E2D2_0;85.60;13.86;34234.00;0.01;A4B4_0;4.60;0.00;tripinfo_flow_0.21 emissions_flow_0.21;59.00;flow_0.21;0;675.81;1.03;0.00;9.65;car;;0;0.00;174906.88;1850.92;12.65;70.30;2.98;0.00;55803.43
34755.00;C0B0_0;85.60;9.71;34678.00;0.16;A2A3_0;7.60;0.00;tripinfo_flow_1.59 emissions_flow_1.59;77.00;flow_1.59;0;661.89;1.00;0.00;9.53;bus;;0;0.00;158613.92;2224.17;13.87;62.17;2.67;0.00;50604.46
35343.00;C0B0_0;85.60;9.84;35266.00;0.40;A2A3_0;7.60;0.00;tripinfo_flow_1.60 emissions_flow_1.60;77.00;flow_1.60;0;661.89;1.02;0.00;8.97;bus;;0;0.00;171754.41;2340.73;14.69;66.77;2.80;0.00;54797.07
35924.00;E2D2_0;85.60;13.02;35865.00;0.82;A4B4_0;4.60;0.00;tripinfo_flow_0.22 emissions_flow_0.22;59.00;flow_0.22;0;675.81;1.15;0.00;9.81;car;;0;0.00;164305.10;1692.77;11.57;64.91;2.69;0.00;52421.44
35932.00;C0B0_0;85.60;9.28;35854.00;0.64;A2A3_0;7.60;0.00;tripinfo_flow_1.61 emissions_flow_1.61;78.00;flow_1.61;0;661.89;0.97;0.00;10.38;bus;;0;0.00;174019.12;2436.55;15.21;68.48;2.95;0.00;55519.29
36519.00;C0B0_0;85.60;9.71;36442.00;0.88;A2A3_0;7.60;0.00;tripinfo_flow_1.62 emissions_flow_1.62;77.00;flow_1.62;0;661.89;0.98;0.00;9.48;bus;;0;0.00;165035.17;2255.05;14.22;65.84;2.87;0.00;52652.88
37108.00;C0B0_0;85.60;9.11;37029.00;0.12;A2A3_0;7.60;0.00;tripinfo_flow_1.63 emissions_flow_1.63;79.00;flow_1.63;0;661.89;1.00;0.00;10.53;bus;;0;0.00;166174.11;2319.61;14.48;65.25;2.80;0.00;53016.45
37555.00;E2D2_0;85.60;13.89;37495.00;0.63;A4B4_0;4.60;0.00;tripinfo_flow_0.23 emissions_flow_0.23;60.00;flow_0.23;0;675.81;1.04;0.00;10.15;car;;0;0.00;176009.67;1896.11;12.86;70.33;2.98;0.00;56155.36
37694.00;C0B0_0;85.60;9.68;37617.00;0.36;A2A3_0;7.60;0.00;tripinfo_flow_1.64 emissions_flow_1.64;77.00;flow_1.64;0;661.89;1.01;0.00;9.01;bus;;0;0.00;159121.93;2201.27;13.80;62.84;2.72;0.00;50766.45
38283.00;C0B0_0;85.60;9.99;38205.00;0.60;A2A3_0;7.60;0.00;tripinfo_flow_1.65 emissions_flow_1.65;78.00;flow_1.65;0;661.89;1.02;0.00;10.54;bus;;0;0.00;170212.58;2417.62;15.06;67.73;2.99;0.00;54304.59
38871.00;C0B0_0;85.60;9.92;38793.00;0.84;A2A3_0;7.60;0.00;tripinfo_flow_1.66 emissions_flow_1.66;78.00;flow_1.66;0;661.89;1.02;0.00;10.05;bus;;0;0.00;176179.46;2448.88;15.32;69.44;3.00;0.00;56208.53
39192.00;E2D2_0;85.60;11.96;39125.00;0.44;A4B4_0;4.60;0.00;tripinfo_flow_0.24 emissions_flow_0.24;67.00;flow_0.24;0;675.81;0.89;0.00;9.98;car;;0;0.00;169988.63;1881.50;12.65;66.55;2.70;0.00;54234.47
39460.00;C0B0_0;85.60;9.97;39380.00;0.08;A2A3_0;7.60;0.00;tripinfo_flow_1.67 emissions_flow_1.67;80.00;flow_1.67;0;661.89;0.83;0.00;10.64;bus;;0;0.00;174209.39;2405.79;15.08;68.49;2.94;0.00;55580.06
40047.00;C0B0_0;85.60;9.45;39968.00;0.32;A2A3_0;7.60;0.00;tripinfo_flow_1.68 emissions_flow_1.68;79.00;flow_1.68;0;661.89;0.92;0.00;10.65;bus;;0;0.00;165471.45;2422.66;14.99;66.62;3.02;0.00;52791.66
40633.00;C0B0_0;85.60;9.21;40556.00;0.56;A2A3_0;7.60;0.00;tripinfo_flow_1.69 emissions_flow_1.69;77.00;flow_1.69;0;661.89;1.09;0.00;9.10;bus;;0;0.00;163484.87;2268.75;14.21;64.68;2.80;0.00;52158.37
40814.00;E2D2_0;85.60;13.52;40755.00;0.25;A4B4_0;4.60;0.00;tripinfo_flow_0.25 emissions_flow_0.25;59.00;flow_0.25;0;675.81;1.06;0.00;9.75;car;;0;0.00;172747.94;1842.50;12.43;68.42;2.88;0.00;55114.98
41222.00;C0B0_0;85.60;9.87;41144.00;0.80;A2A3_0;7.60;0.00;tripinfo_flow_1.70 emissions_flow_1.70;78.00;flow_1.70;0;661.89;1.01;0.00;9.98;bus;;0;0.00;164607.92;2299.77;14.36;64.76;2.79;0.00;52516.74
41810.00;C0B0_0;85.60;8.76;41731.00;0.04;A2A3_0;7.60;0.00;tripinfo_flow_1.71 emissions_flow_1.71;79.00;flow_1.71;0;661.89;0.91;0.00;10.71;bus;;0;0.00;176538.89;2481.55;15.50;70.17;3.08;0.00;56323.00
42396.00;C0B0_0;85.60;9.21;42319.00;0.28;A2A3_0;7.60;0.00;tripinfo_flow_1.72 emissions_flow_1.72;77.00;flow_1.72;0;661.89;1.12;0.00;9.22;bus;;0;0.00;174807.34;2365.93;14.88;67.93;2.84;0.00;55771.12
42444.00;E2D2_0;85.60;13.19;42385.00;0.06;A4B4_0;4.60;0.00;tripinfo_flow_0.26 emissions_flow_0.26;59.00;flow_0.26;0;675.81;1.10;0.00;9.67;car;;0;0.00;163947.15;1763.36;11.98;66.32;2.85;0.00;52306.60
42984.00;C0B0_0;85.60;9.52;42907.00;0.52;A2A3_0;7.60;0.00;tripinfo_flow_1.73 emissions_flow_1.73;77.00;flow_1.73;0;661.89;1.06;0.00;9.07;bus;;0;0.00;164203.44;2263.33;14.22;65.24;2.84;0.00;52387.57
43575.00;C0B0_0;85.60;8.79;43495.00;0.76;A2A3_0;7.60;0.00;tripinfo_flow_1.74 emissions_flow_1.74;80.00;flow_1.74;0;661.89;0.96;0.00;12.16;bus;;0;0.00;167762.86;2492.58;15.34;67.03;3.02;0.00;53522.79
44077.00;E2D2_0;85.60;12.24;44016.00;0.87;A4B4_0;4.60;0.00;tripinfo_flow_0.27 emissions_flow_0.27;61.00;flow_0.27;0;675.81;0.97;0.00;9.52;car;;0;0.00;168093.25;1862.67;12.55;67.92;2.93;0.00;53629.30
44161.00;C0B0_0;85.60;9.28;44082.00;0.00;A2A3_0;7.60;0.00;tripinfo_flow_1.75 emissions_flow_1.75;79.00;flow_1.75;0;661.89;0.95;0.00;10.05;bus;;0;0.00;170325.73;2414.19;15.03;67.26;2.93;0.00;54340.84
44749.00;C0B0_0;85.60;8.80;44670.00;0.24;A2A3_0;7.60;0.00;tripinfo_flow_1.76 emissions_flow_1.76;79.00;flow_1.76;0;661.89;0.89;0.00;10.91;bus;;0;0.00;166999.68;2404.70;14.94;67.02;3.00;0.00;53279.35
45336.00;C0B0_0;85.60;9.87;45258.00;0.48;A2A3_0;7.60;0.00;tripinfo_flow_1.77 emissions_flow_1.77;78.00;flow_1.77;0;661.89;1.07;0.00;9.83;bus;;0;0.00;162197.55;2268.23;14.18;64.36;2.81;0.00;51747.57
45707.00;E2D2_0;85.60;12.68;45646.00;0.68;A4B4_0;4.60;0.00;tripinfo_flow_0.28 emissions_flow_0.28;61.00;flow_0.28;0;675.81;1.01;0.00;11.23;car;;0;0.00;171259.43;1937.46;12.98;69.41;3.02;0.00;54639.35
45924.00;C0B0_0;85.60;9.99;45846.00;0.72;A2A3_0;7.60;0.00;tripinfo_flow_1.78 emissions_flow_1.78;78.00;flow_1.78;0;661.89;1.03;0.00;9.74;bus;;0;0.00;158141.90;2206.55;13.82;62.93;2.76;0.00;50453.62
46511.00;C0B0_0;85.60;9.33;46434.00;0.96;A2A3_0;7.60;0.00;tripinfo_flow_1.79 emissions_flow_1.79;77.00;flow_1.79;0;661.89;1.06;0.00;8.90;bus;;0;0.00;160963.23;2208.37;13.87;63.45;2.72;0.00;51353.96
47100.00;C0B0_0;85.60;9.80;47021.00;0.20;A2A3_0;7.60;0.00;tripinfo_flow_1.80 emissions_flow_1.80;79.00;flow_1.80;0;661.89;0.96;0.00;10.25;bus;;0;0.00;170954.78;2371.15;14.83;66.99;2.86;0.00;54541.74
47339.00;E2D2_0;85.60;12.80;47276.00;0.49;A4B4_0;4.60;0.00;tripinfo_flow_0.29 emissions_flow_0.29;63.00;flow_0.29;0;675.81;0.93;0.00;9.51;car;;0;0.00;163985.49;1810.48;12.16;65.33;2.74;0.00;52318.96
47688.00;C0B0_0;85.60;9.53;47609.00;0.44;A2A3_0;7.60;0.00;tripinfo_flow_1.81 emissions_flow_1.81;79.00;flow_1.81;0;661.89;0.87;0.00;10.27;bus;;0;0.00;172493.73;2441.06;15.21;68.28;2.99;0.00;55032.49
48275.00;C0B0_0;85.60;9.99;48197.00;0.68;A2A3_0;7.60;0.00;tripinfo_flow_1.82 emissions_flow_1.82;78.00;flow_1.82;0;661.89;1.10;0.00;9.91;bus;;0;0.00;167784.57;2357.90;14.70;66.02;2.85;0.00;53530.20
48863.00;C0B0_0;85.60;8.85;48785.00;0.92;A2A3_0;7.60;0.00;tripinfo_flow_1.83 emissions_flow_1.83;78.00;flow_1.83;0;661.89;1.01;0.00;9.86;bus;;0;0.00;161255.97;2232.78;13.95;62.63;2.64;0.00;51447.57
48965.00;E2D2_0;85.60;12.75;48906.00;0.30;A4B4_0;4.60;0.00;tripinfo_flow_0.30 emissions_flow_0.30;59.00;flow_0.30;0;675.81;1.10;0.00;9.71;car;;0;0.00;163387.03;1815.49;12.12;65.84;2.86;0.00;52127.94
49451.00;C0B0_0;85.60;9.78;49372.00;0.16;A2A3_0;7.60;0.00;tripinfo_flow_1.84 emissions_flow_1.84;79.00;flow_1.84;0;661.89;0.92;0.00;10.17;bus;;0;0.00;164188.04;2266.12;14.16;63.49;2.66;0.00;52383.13
50036.00;C0B0_0;85.60;9.86;49960.00;0.40;A2A3_0;7.60;0.00;tripinfo_flow_1.85 emissions_flow_1.85;76.00;flow_1.85;0;661.89;1.18;0.00;8.34;bus;;0;0.00;162990.13;2188.09;13.83;64.05;2.72;0.00;52000.75
50596.00;E2D2_0;85.60;12.79;50536.00;0.11;A4B4_0;4.60;0.00;tripinfo_flow_0.31 emissions_flow_0.31;60.00;flow_0.31;0;675.81;1.00;0.00;10.04;car;;0;0.00;169321.80;1721.05;11.71;66.61;2.74;0.00;54022.17
50626.00;C0B0_0;85.60;9.05;50548.00;0.64;A2A3_0;7.60;0.00;tripinfo_flow_1.86 emissions_flow_1.86;78.00;flow_1.86;0;661.89;0.99;0.00;9.92;bus;;0;0.00;155507.98;2213.51;13.76;61.51;2.69;0.00;49613.33
51213.00;C0B0_0;85.60;9.08;51136.00;0.88;A2A3_0;7.60;0.00;tripinfo_flow_1.87 emissions_flow_1.87;77.00;flow_1.87;0;661.89;1.07;0.00;9.67;bus;;0;0.00;161100.50;2226.35;13.97;63.77;2.76;0.00;51397.66
51802.00;C0B0_0;85.60;9.31;51723.00;0.12;A2A3_0;7.60;0.00;tripinfo_flow_1.88 emissions_flow_1.88;79.00;flow_1.88;0;661.89;0.94;0.00;10.63;bus;;0;0.00;167960.64;2386.11;14.84;66.40;2.90;0.00;53586.25
52226.00;E2D2_0;85.60;13.28;52167.00;0.92;A4B4_0;4.60;0.00;tripinfo_flow_0.32 emissions_flow_0.32;59.00;flow_0.32;0;675.81;1.10;0.00;9.55;car;;0;0.00;168571.36;1659.20;11.40;65.89;2.65;0.00;53782.94
52387.00;C0B0_0;85.60;9.36;52311.00;0.36;A2A3_0;7.60;0.00;tripinfo_flow_1.89 emissions_flow_1.89;76.00;flow_1.89;0;661.89;1.03;0.00;8.72;bus;;0;0.00;163414.84;2214.39;13.94;63.79;2.69;0.00;52136.34
52977.00;C0B0_0;85.60;9.98;52899.00;0.60;A2A3_0;7.60;0.00;tripinfo_flow_1.90 emissions_flow_1.90;78.00;flow_1.90;0;661.89;1.02;0.00;9.76;bus;;0;0.00;164841.48;2327.63;14.56;66.40;2.97;0.00;52590.80
53564.00;C0B0_0;85.60;9.63;53487.00;0.84;A2A3_0;7.60;0.00;tripinfo_flow_1.91 emissions_flow_1.91;77.00;flow_1.91;0;661.89;1.06;0.00;8.83;bus;;0;0.00;164904.92;2264.49;14.19;64.31;2.72;0.00;52611.71
53857.00;E2D2_0;85.60;13.04;53797.00;0.73;A4B4_0;4.60;0.00;tripinfo_flow_0.33 emissions_flow_0.33;60.00;flow_0.33;0;675.81;1.15;0.00;10.77;car;;0;0.00;167593.11;1808.10;12.27;66.72;2.81;0.00;53470.12
54151.00;C0B0_0;85.60;9.20;54074.00;0.08;A2A3_0;7.60;0.00;tripinfo_flow_1.92 emissions_flow_1.92;77.00;flow_1.92;0;661.89;1.03;0.00;9.47;bus;;0;0.00;164116.42;2256.46;14.16;64.71;2.78;0.00;52359.94
54744.00;C0B0_0;85.60;9.68;54662.00;0.32;A2A3_0;7.60;0.00;tripinfo_flow_1.93 emissions_flow_1.93;82.00;flow_1.93;0;661.89;0.82;0.00;12.57;bus;;0;0.00;184714.44;2732.73;16.80;73.08;3.24;0.00;58931.20
55326.00;C0B0_0;85.60;9.46;55250.00;0.56;A2A3_0;7.60;0.00;tripinfo_flow_1.94 emissions_flow_1.94;76.00;flow_1.94;0;661.89;1.12;0.00;8.85;bus;;0;0.00;164223.74;2217.79;13.98;64.42;2.73;0.00;52394.34
55487.00;E2D2_0;85.60;13.44;55427.00;0.54;A4B4_0;4.60;0.00;tripinfo_flow_0.34 emissions_flow_0.34;60.00;flow_0.34;0;675.81;1.01;0.00;10.26;car;;0;0.00;171859.70;1864.18;12.48;68.11;2.87;0.00;54831.51
55916.00;C0B0_0;85.60;9.74;55838.00;0.80;A2A3_0;7.60;0.00;tripinfo_flow_1.95 emissions_flow_1.95;78.00;flow_1.95;0;661.89;1.03;0.00;10.02;bus;;0;0.00;165458.44;2316.32;14.47;65.39;2.84;0.00;52788.01
56502.00;C0B0_0;85.60;8.85;56425.00;0.04;A2A3_0;7.60;0.00;tripinfo_flow_1.96 emissions_flow_1.96;77.00;flow_1.96;0;661.89;1.07;0.00;9.92;bus;;0;0.00;162919.63;2251.66;14.10;63.91;2.73;0.00;51978.19
57092.00;C0B0_0;85.60;8.85;57013.00;0.28;A2A3_0;7.60;0.00;tripinfo_flow_1.97 emissions_flow_1.97;79.00;flow_1.97;0;661.89;0.96;0.00;10.04;bus;;0;0.00;162457.09;2278.03;14.24;64.49;2.82;0.00;51830.37
57117.00;E2D2_0;85.60;13.17;57057.00;0.35;A4B4_0;4.60;0.00;tripinfo_flow_0.35 emissions_flow_0.35;60.00;flow_0.35;0;675.81;1.04;0.00;10.72;car;;0;0.00;170360.29;1848.29;12.47;67.69;2.88;0.00;54353.07
57677.00;C0B0_0;85.60;9.24;57601.00;0.52;A2A3_0;7.60;0.00;tripinfo_flow_1.98 emissions_flow_1.98;76.00;flow_1.98;0;661.89;1.23;0.00;8.40;bus;;0;0.00;158698.38;2108.09;13.36;62.22;2.62;0.00;50631.58
58267.00;C0B0_0;85.60;9.55;58189.00;0.76;A2A3_0;7.60;0.00;tripinfo_flow_1.99 emissions_flow_1.99;78.00;flow_1.99;0;661.89;1.01;0.00;9.56;bus;;0;0.00;165864.47;2316.58;14.46;65.10;2.80;0.00;52917.67
58747.00;E2D2_0;85.60;13.00;58687.00;0.16;A4B4_0;4.60;0.00;tripinfo_flow_0.36 emissions_flow_0.36;60.00;flow_0.36;0;675.81;1.12;0.00;10.28;car;;0;0.00;167698.79;1843.02;12.30;67.06;2.86;0.00;53503.75
58852.00;C0B0_0;85.60;9.79;58776.00;0.00;A2A3_0;7.60;0.00;tripinfo_flow_1.100 emissions_flow_1.100;76.00;flow_1.100;0;661.89;1.02;0.00;8.88;bus;;0;0.00;168352.00;2293.75;14.46;66.89;2.90;0.00;53711.17
59443.00;C0B0_0;85.60;9.66;59364.00;0.24;A2A3_0;7.60;0.00;tripinfo_flow_1.101 emissions_flow_1.101;79.00;flow_1.101;0;661.89;1.00;0.00;10.41;bus;;0;0.00;165861.16;2330.26;14.54;65.62;2.86;0.00;52916.45
60030.00;C0B0_0;85.60;9.88;59952.00;0.48;A2A3_0;7.60;0.00;tripinfo_flow_1.102 emissions_flow_1.102;78.00;flow_1.102;0;661.89;0.95;0.00;9.82;bus;;0;0.00;160758.69;2226.84;13.98;64.13;2.81;0.00;51288.47
60377.00;E2D2_0;85.60;13.73;60318.00;0.97;A4B4_0;4.60;0.00;tripinfo_flow_0.37 emissions_flow_0.37;59.00;flow_0.37;0;675.81;1.11;0.00;9.70;car;;0;0.00;174051.82;1897.82;12.91;70.81;3.08;0.00;55530.29
60616.00;C0B0_0;85.60;9.84;60540.00;0.72;A2A3_0;7.60;0.00;tripinfo_flow_1.103 emissions_flow_1.103;76.00;flow_1.103;0;661.89;1.16;0.00;8.31;bus;;0;0.00;162940.01;2171.63;13.73;63.50;2.65;0.00;51984.93
61206.00;C0B0_0;85.60;9.08;61128.00;0.96;A2A3_0;7.60;0.00;tripinfo_flow_1.104 emissions_flow_1.104;78.00;flow_1.104;0;661.89;0.94;0.00;9.75;bus;;0;0.00;161194.51;2329.13;14.45;64.51;2.89;0.00;51427.32
61792.00;C0B0_0;85.60;8.94;61715.00;0.20;A2A3_0;7.60;0.00;tripinfo_flow_1.105 emissions_flow_1.105;77.00;flow_1.105;0;661.89;1.13;0.00;9.63;bus;;0;0.00;160461.79;2191.98;13.75;62.47;2.63;0.00;51194.20
62027.00;E2D2_0;85.60;9.68;61948.00;0.78;A4B4_0;4.60;0.00;tripinfo_flow_0.38 emissions_flow_0.38;79.00;flow_0.38;0;675.81;0.73;0.00;10.29;car;;0;0.00;164328.00;2258.69;14.16;64.23;2.73;0.00;52427.63
62379.00;C0B0_0;85.60;9.81;62303.00;0.44;A2A3_0;7.60;0.00;tripinfo_flow_1.106 emissions_flow_1.106;76.00;flow_1.106;0;661.89;1.14;0.00;8.42;bus;;0;0.00;162966.83;2174.96;13.74;63.26;2.63;0.00;51993.55
62970.00;C0B0_0;85.60;9.52;62891.00;0.68;A2A3_0;7.60;0.00;tripinfo_flow_1.107 emissions_flow_1.107;79.00;flow_1.107;0;661.89;0.89;0.00;10.77;bus;;0;0.00;169160.56;2409.89;14.98;67.00;2.94;0.00;53969.03
63559.00;C0B0_0;85.60;9.92;63479.00;0.92;A2A3_0;7.60;0.00;tripinfo_flow_1.108 emissions_flow_1.108;80.00;flow_1.108;0;661.89;1.00;0.00;12.03;bus;;0;0.00;169206.41;2451.69;15.19;67.60;3.02;0.00;53983.44
63641.00;E2D2_0;85.60;12.73;63578.00;0.59;A4B4_0;4.60;0.00;tripinfo_flow_0.39 emissions_flow_0.39;63.00;flow_0.39;0;675.81;0.97;0.00;10.42;car;;0;0.00;172703.94;1898.04;12.80;69.03;2.92;0.00;55100.54
64143.00;C0B0_0;85.60;9.51;64066.00;0.16;A2A3_0;7.60;0.00;tripinfo_flow_1.109 emissions_flow_1.109;77.00;flow_1.109;0;661.89;1.04;0.00;8.78;bus;;0;0.00;159531.14;2147.25;13.54;62.19;2.61;0.00;50897.31
64732.00;C0B0_0;85.60;8.87;64654.00;0.40;A2A3_0;7.60;0.00;tripinfo_flow_1.110 emissions_flow_1.110;78.00;flow_1.110;0;661.89;0.96;0.00;9.61;bus;;0;0.00;167985.00;2347.07;14.67;66.33;2.88;0.00;53594.11
65267.00;E2D2_0;85.60;13.70;65208.00;0.40;A4B4_0;4.60;0.00;tripinfo_flow_0.40 emissions_flow_0.40;59.00;flow_0.40;0;675.81;1.00;0.00;9.53;car;;0;0.00;176459.44;1787.75;12.39;70.53;2.95;0.00;56299.04
65319.00;C0B0_0;85.60;9.65;65242.00;0.64;A2A3_0;7.60;0.00;tripinfo_flow_1.111 emissions_flow_1.111;77.00;flow_1.111;0;661.89;1.07;0.00;9.34;bus;;0;0.00;160120.07;2190.12;13.81;64.02;2.80;0.00;51084.73
65910.00;C0B0_0;85.60;9.04;65830.00;0.88;A2A3_0;7.60;0.00;tripinfo_flow_1.112 emissions_flow_1.112;80.00;flow_1.112;0;661.89;0.93;0.00;11.55;bus;;0;0.00;171820.58;2484.15;15.37;67.86;2.98;0.00;54817.66
66494.00;C0B0_0;85.60;9.58;66417.00;0.12;A2A3_0;7.60;0.00;tripinfo_flow_1.113 emissions_flow_1.113;77.00;flow_1.113;0;661.89;1.06;0.00;9.96;bus;;0;0.00;168998.18;2321.76;14.58;66.76;2.88;0.00;53917.39
66898.00;E2D2_0;85.60;13.63;66838.00;0.21;A4B4_0;4.60;0.00;tripinfo_flow_0.41 emissions_flow_0.41;60.00;flow_0.41;0;675.81;1.12;0.00;10.05;car;;0;0.00;175153.07;1846.00;12.51;69.59;2.89;0.00;55882.25
67081.00;C0B0_0;85.60;9.64;67005.00;0.36;A2A3_0;7.60;0.00;tripinfo_flow_1.114 emissions_flow_1.114;76.00;flow_1.114;0;661.89;1.18;0.00;9.11;bus;;0;0.00;168451.57;2303.21;14.51;66.96;2.91;0.00;53742.91
67670.00;C0B0_0;85.60;9.63;67593.00;0.60;A2A3_0;7.60;0.00;tripinfo_flow_1.115 emissions_flow_1.115;77.00;flow_1.115;0;661.89;1.08;0.00;9.63;bus;;0;0.00;169231.94;2357.63;14.74;66.68;2.88;0.00;53991.98
68261.00;C0B0_0;85.60;9.52;68181.00;0.84;A2A3_0;7.60;0.00;tripinfo_flow_1.116 emissions_flow_1.116;80.00;flow_1.116;0;661.89;0.91;0.00;10.92;bus;;0;0.00;173857.47;2505.35;15.52;68.78;3.02;0.00;55467.51
68528.00;E2D2_0;85.60;12.73;68468.00;0.02;A4B4_0;4.60;0.00;tripinfo_flow_0.42 emissions_flow_0.42;60.00;flow_0.42;0;675.81;1.14;0.00;9.75;car;;0;0.00;165563.99;1798.54;12.16;65.83;2.76;0.00;52822.74
68847.00;C0B0_0;85.60;9.61;68768.00;0.08;A2A3_0;7.60;0.00;tripinfo_flow_1.117 emissions_flow_1.117;79.00;flow_1.117;0;661.89;0.88;0.00;10.28;bus;;0;0.00;168058.28;2432.36;15.09;67.29;3.01;0.00;53617.10
69433.00;C0B0_0;85.60;9.20;69356.00;0.32;A2A3_0;7.60;0.00;tripinfo_flow_1.118 emissions_flow_1.118;77.00;flow_1.118;0;661.89;1.08;0.00;8.86;bus;;0;0.00;158753.41;2175.00;13.68;62.88;2.72;0.00;50648.86
70021.00;C0B0_0;85.60;9.92;69944.00;0.56;A2A3_0;7.60;0.00;tripinfo_flow_1.119 emissions_flow_1.119;77.00;flow_1.119;0;661.89;0.99;0.00;9.37;bus;;0;0.00;170687.77;2351.19;14.76;67.55;2.92;0.00;54456.41
70159.00;E2D2_0;85.60;12.69;70099.00;0.83;A4B4_0;4.60;0.00;tripinfo_flow_0.43 emissions_flow_0.43;60.00;flow_0.43;0;675.81;1.13;0.00;9.55;car;;0;0.00;170608.35;1846.74;12.28;67.63;2.86;0.00;54432.36
70610.00;C0B0_0;85.60;9.82;70532.00;0.80;A2A3_0;7.60;0.00;tripinfo_flow_1.120 emissions_flow_1.120;78.00;flow_1.120;0;661.89;1.05;0.00;9.69;bus;;0;0.00;170345.06;2327.75;14.63;66.87;2.85;0.00;54347.24
71198.00;C0B0_0;85.60;8.79;71119.00;0.04;A2A3_0;7.60;0.00;tripinfo_flow_1.121 emissions_flow_1.121;79.00;flow_1.121;0;661.89;0.91;0.00;10.69;bus;;0;0.00;162881.12;2349.24;14.58;65.04;2.90;0.00;51965.46
71786.00;C0B0_0;85.60;9.35;71707.00;0.28;A2A3_0;7.60;0.00;tripinfo_flow_1.122 emissions_flow_1.122;79.00;flow_1.122;0;661.89;1.00;0.00;10.88;bus;;0;0.00;170568.06;2391.24;14.94;67.60;2.95;0.00;54418.12
71788.00;E2D2_0;85.60;13.11;71729.00;0.64;A4B4_0;4.60;0.00;tripinfo_flow_0.44 emissions_flow_0.44;59.00;flow_0.44;0;675.81;1.03;0.00;9.81;car;;0;0.00;171326.00;1855.20;12.60;69.25;2.98;0.00;54660.79
72374.00;C0B0_0;85.60;9.86;72295.00;0.52;A2A3_0;7.60;0.00;tripinfo_flow_1.123 emissions_flow_1.123;79.00;flow_1.123;0;661.89;0.98;0.00;10.62;bus;;0;0.00;167235.69;2348.27;14.64;65.79;2.84;0.00;53355.08
72961.00;C0B0_0;85.60;9.38;72883.00;0.76;A2A3_0;7.60;0.00;tripinfo_flow_1.124 emissions_flow_1.124;78.00;flow_1.124;0;661.89;0.94;0.00;9.79;bus;;0;0.00;168985.80;2409.63;14.97;66.65;2.91;0.00;53913.35
73419.00;E2D2_0;85.60;13.54;73359.00;0.45;A4B4_0;4.60;0.00;tripinfo_flow_0.45 emissions_flow_0.45;60.00;flow_0.45;0;675.81;1.09;0.00;10.10;car;;0;0.00;170910.62;1932.50;12.80;68.33;2.95;0.00;54528.43
73551.00;C0B0_0;85.60;9.82;73470.00;0.00;A2A3_0;7.60;0.00;tripinfo_flow_1.125 emissions_flow_1.125;81.00;flow_1.125;0;661.89;0.90;0.00;12.23;bus;;0;0.00;172956.95;2500.04;15.46;68.12;2.98;0.00;55180.27
74139.00;C0B0_0;85.60;8.91;74058.00;0.24;A2A3_0;7.60;0.00;tripinfo_flow_1.126 emissions_flow_1.126;81.00;flow_1.126;0;661.89;0.89;0.00;12.22;bus;;0;0.00;175477.89;2539.28;15.71;69.32;3.05;0.00;55984.50
74722.00;C0B0_0;85.60;9.83;74646.00;0.48;A2A3_0;7.60;0.00;tripinfo_flow_1.127 emissions_flow_1.127;76.00;flow_1.127;0;661.89;1.14;0.00;9.05;bus;;0;0.00;168784.73;2295.69;14.48;67.08;2.91;0.00;53849.23
75053.00;E2D2_0;85.60;12.76;74989.00;0.26;A4B4_0;4.60;0.00;tripinfo_flow_0.46 emissions_flow_0.46;64.00;flow_0.46;0;675.81;0.96;0.00;11.42;car;;0;0.00;166716.66;1880.47;12.45;65.83;2.76;0.00;53190.49
75313.00;C0B0_0;85.60;8.85;75234.00;0.72;A2A3_0;7.60;0.00;tripinfo_flow_1.128 emissions_flow_1.128;79.00;flow_1.128;0;661.89;0.92;0.00;10.59;bus;;0;0.00;171992.37;2468.82;15.31;67.89;2.97;0.00;54872.52
75899.00;C0B0_0;85.60;9.87;75822.00;0.96;A2A3_0;7.60;0.00;tripinfo_flow_1.129 emissions_flow_1.129;77.00;flow_1.129;0;661.89;1.09;0.00;9.31;bus;;0;0.00;165615.41;2247.81;14.15;64.84;2.75;0.00;52838.36
76486.00;C0B0_0;85.60;9.97;76409.00;0.20;A2A3_0;7.60;0.00;tripinfo_flow_1.130 emissions_flow_1.130;77.00;flow_1.130;0;661.89;1.03;0.00;9.09;bus;;0;0.00;159787.82;2280.31;14.21;64.27;2.88;0.00;50978.49
76679.00;E2D2_0;85.60;13.08;76619.00;0.07;A4B4_0;4.60;0.00;tripinfo_flow_0.47 emissions_flow_0.47;60.00;flow_0.47;0;675.81;1.08;0.00;10.55;car;;0;0.00;170802.22;1839.51;12.50;68.47;2.90;0.00;54493.85
77076.00;C0B0_0;85.60;9.33;76997.00;0.44;A2A3_0;7.60;0.00;tripinfo_flow_1.131 emissions_flow_1.131;79.00;flow_1.131;0;661.89;1.06;0.00;11.11;bus;;0;0.00;165932.09;2345.81;14.64;66.17;2.92;0.00;52938.93
77662.00;C0B0_0;85.60;8.81;77585.00;0.68;A2A3_0;7.60;0.00;tripinfo_flow_1.132 emissions_flow_1.132;77.00;flow_1.132;0;661.89;1.10;0.00;9.23;bus;;0;0.00;156157.75;2084.43;13.14;60.08;2.46;0.00;49821.29
78252.00;C0B0_0;85.60;8.78;78173.00;0.92;A2A3_0;7.60;0.00;tripinfo_flow_1.133 emissions_flow_1.133;79.00;flow_1.133;0;661.89;1.03;0.00;10.59;bus;;0;0.00;158923.33;2243.66;13.93;61.65;2.61;0.00;50703.30
78310.00;E2D2_0;85.60;13.17;78250.00;0.88;A4B4_0;4.60;0.00;tripinfo_flow_0.48 emissions_flow_0.48;60.00;flow_0.48;0;675.81;1.03;0.00;10.17;car;;0;0.00;175939.77;1959.54;13.07;70.89;3.07;0.00;56132.83
78836.00;C0B0_0;85.60;8.70;78760.00;0.16;A2A3_0;7.60;0.00;tripinfo_flow_1.134 emissions_flow_1.134;76.00;flow_1.134;0;661.89;1.08;0.00;8.78;bus;;0;0.00;162038.61;2161.71;13.66;63.09;2.63;0.00;51697.35
79427.00;C0B0_0;85.60;9.20;79348.00;0.40;A2A3_0;7.60;0.00;tripinfo_flow_1.135 emissions_flow_1.135;79.00;flow_1.135;0;661.89;0.94;0.00;9.94;bus;;0;0.00;165041.32;2319.27;14.50;65.95;2.92;0.00;52654.73
79943.00;E2D2_0;85.60;12.64;79880.00;0.69;A4B4_0;4.60;0.00;tripinfo_flow_0.49 emissions_flow_0.49;63.00;flow_0.49;0;675.81;0.92;0.00;9.14;car;;0;0.00;159357.41;1700.41;11.54;63.13;2.60;0.00;50842.55
80014.00;C0B0_0;85.60;8.75;79936.00;0.64;A2A3_0;7.60;0.00;tripinfo_flow_1.136 emissions_flow_1.136;78.00;flow_1.136;0;661.89;1.08;0.00;9.97;bus;;0;0.00;161634.04;2258.74;14.11;63.60;2.74;0.00;51567.94
80604.00;C0B0_0;85.60;8.77;80524.00;0.88;A2A3_0;7.60;0.00;tripinfo_flow_1.137 emissions_flow_1.137;80.00;flow_1.137;0;661.89;0.89;0.00;11.83;bus;;0;0.00;169597.94;2494.98;15.36;66.86;2.95;0.00;54108.54
81189.00;C0B0_0;85.60;9.23;81111.00;0.12;A2A3_0;7.60;0.00;tripinfo_flow_1.138 emissions_flow_1.138;78.00;flow_1.138;0;661.89;0.97;0.00;10.50;bus;;0;0.00;163858.69;2359.79;14.66;65.74;2.95;0.00;52277.26
81570.00;E2D2_0;85.60;12.27;81510.00;0.50;A4B4_0;4.60;0.00;tripinfo_flow_0.50 emissions_flow_0.50;60.00;flow_0.50;0;675.81;0.97;0.00;9.42;car;;0;0.00;168289.54;1750.86;11.93;66.45;2.73;0.00;53692.56
81779.00;C0B0_0;85.60;9.34;81699.00;0.36;A2A3_0;7.60;0.00;tripinfo_flow_1.139 emissions_flow_1.139;80.00;flow_1.139;0;661.89;0.90;0.00;11.11;bus;;0;0.00;174628.20;2495.96;15.50;69.12;3.03;0.00;55713.42
82366.00;C0B0_0;85.60;8.80;82287.00;0.60;A2A3_0;7.60;0.00;tripinfo_flow_1.140 emissions_flow_1.140;79.00;flow_1.140;0;661.89;0.93;0.00;11.37;bus;;0;0.00;172895.43;2461.49;15.31;68.53;3.00;0.00;55160.58
82951.00;C0B0_0;85.60;9.99;82875.00;0.84;A2A3_0;7.60;0.00;tripinfo_flow_1.141 emissions_flow_1.141;76.00;flow_1.141;0;661.89;1.10;0.00;8.63;bus;;0;0.00;152642.83;2083.44;13.12;60.45;2.61;0.00;48699.36
83200.00;E2D2_0;85.60;13.72;83140.00;0.31;A4B4_0;4.60;0.00;tripinfo_flow_0.51 emissions_flow_0.51;60.00;flow_0.51;0;675.81;1.07;0.00;10.39;car;;0;0.00;169857.12;1834.27;12.30;67.13;2.82;0.00;54192.68
83541.00;C0B0_0;85.60;8.86;83462.00;0.08;A2A3_0;7.60;0.00;tripinfo_flow_1.142 emissions_flow_1.142;79.00;flow_1.142;0;661.89;1.00;0.00;10.66;bus;;0;0.00;165024.50;2328.91;14.51;65.26;2.84;0.00;52649.51
84129.00;C0B0_0;85.60;8.91;84050.00;0.32;A2A3_0;7.60;0.00;tripinfo_flow_1.143 emissions_flow_1.143;79.00;flow_1.143;0;661.89;0.84;0.00;10.23;bus;;0;0.00;167979.22;2453.11;15.16;66.79;2.97;0.00;53591.97
84715.00;C0B0_0;85.60;9.52;84638.00;0.56;A2A3_0;7.60;0.00;tripinfo_flow_1.144 emissions_flow_1.144;77.00;flow_1.144;0;661.89;1.03;0.00;8.97;bus;;0;0.00;162959.34;2208.44;13.86;62.87;2.60;0.00;51991.20
84839.00;E2D2_0;85.60;11.67;84770.00;0.12;A4B4_0;4.60;0.00;tripinfo_flow_0.52 emissions_flow_0.52;69.00;flow_0.52;0;675.81;0.87;0.00;11.63;car;;0;0.00;160964.02;1922.92;12.59;62.95;2.61;0.00;51354.96
85303.00;C0B0_0;85.60;9.34;85226.00;0.80;A2A3_0;7.60;0.00;tripinfo_flow_1.145 emissions_flow_1.145;77.00;flow_1.145;0;661.89;1.06;0.00;9.99;bus;;0;0.00;164020.45;2270.73;14.19;63.68;2.68;0.00;52329.57
85893.00;C0B0_0;85.60;10.00;85813.00;0.04;A2A3_0;7.60;0.00;tripinfo_flow_1.146 emissions_flow_1.146;80.00;flow_1.146;0;661.89;0.83;0.00;11.23;bus;;0;0.00;166165.33;2426.06;14.99;66.17;2.95;0.00;53013.25
