policy_id,sim,day,entity,mode,n,mean_effectiveTime,mean_duration,mean_waitingTime,mean_departDelay,mean_timeLoss,mean_routeLength,sum_CO2_abs,mean_CO2_abs
grid_UserPreference_Time_25000,1,1,person,person,7480,498.32941176470587,498.32941176470587,451.84598930481286,0.0,15.206586898395722,0.0,0.0,0.0
grid_UserPreference_Time_25000,1,1,vehicle,bus,432,1202.1435185185185,156.73842592592592,3.3587962962962963,1045.4050925925926,27.148449074074072,779.5066666666667,149236025.357519,345453.76240166434
grid_UserPreference_Time_25000,1,1,vehicle,car,17529,2570.5004586684922,102.35204518226938,26.820411888869874,2468.1484134862226,56.91386844657425,577.8850795824063,4597330548.869601,262269.98396198306
grid_UserPreference_Time_25000,1,2,person,person,10957,425.23911654649993,425.23911654649993,380.6710778497764,0.0,11.856620425298896,0.0,0.0,0.0
grid_UserPreference_Time_25000,1,2,vehicle,bus,432,647.6736111111111,155.99537037037038,2.6481481481481484,491.67824074074076,26.228819444444444,779.5066666666667,148335208.526888,343368.5382566852
grid_UserPreference_Time_25000,1,2,vehicle,car,14012,1368.2756351698545,98.03825292606338,23.139594633171566,1270.237382243791,52.58005780759349,577.8713816728518,3553801006.912627,253625.53574883152
grid_UserPreference_Time_25000,1,3,person,person,13694,362.87914415072294,362.87914415072294,318.0220534540675,0.0,11.702647874981743,0.0,0.0,0.0
grid_UserPreference_Time_25000,1,3,vehicle,bus,432,367.974537037037,158.2523148148148,4.1157407407407405,209.72222222222223,27.703773148148148,779.5066666666667,150424789.758822,348205.531849125
grid_UserPreference_Time_25000,1,3,vehicle,car,11256,657.9810829779674,78.30756929637526,12.491560056858564,579.6735136815921,32.88127132196162,577.8755472636816,2444552553.222412,217177.73216261656
grid_UserPreference_Time_25000,1,4,person,person,15608,348.1084700153767,348.1084700153767,304.8086878523834,0.0,9.415944387493592,0.0,0.0,0.0
grid_UserPreference_Time_25000,1,4,vehicle,bus,432,233.88657407407408,158.97685185185185,3.2800925925925926,74.90972222222223,27.028125,779.5066666666667,151381677.607153,350420.55001655786
grid_UserPreference_Time_25000,1,4,vehicle,car,9352,301.52785714285716,75.66520530367836,11.24251497005988,225.8626518391788,30.28796621043627,577.3080025662961,1985935804.818264,212354.12797457914
grid_UserPreference_Time_25000,1,5,person,person,16770,342.2314847942755,342.2314847942755,299.7717948717949,0.0,8.05078175313059,0.0,0.0,0.0
grid_UserPreference_Time_25000,1,5,vehicle,bus,432,158.61574074074073,158.09490740740742,2.0902777777777777,0.5208333333333334,25.32351851851852,779.5066666666667,150419183.136218,348192.5535560602
grid_UserPreference_Time_25000,1,5,vehicle,car,8176,71.40778864970645,69.20070939334639,7.012720156555773,2.207079256360078,23.874251467710373,576.3722260273973,1631920019.230502,199598.8281837698
grid_UserPreference_Time_25000,1,6,person,person,17288,342.62262841277186,342.62262841277186,300.0898889403054,0.0,7.84500867653864,0.0,0.0,0.0
grid_UserPreference_Time_25000,1,6,vehicle,bus,432,158.30092592592592,158.24305555555554,1.8703703703703705,0.05787037037037037,24.795648148148146,779.5066666666667,150755473.388921,348971.0032150949
grid_UserPreference_Time_25000,1,6,vehicle,car,7655,65.56229915088178,64.90516002612671,4.365774003919007,0.657139124755062,19.573274983670807,576.5614839973873,1462189331.948573,191011.01658374566
grid_UserPreference_Time_25000,1,7,person,person,17552,343.55195989061076,343.55195989061076,300.63195077484045,0.0,8.076536007292615,0.0,0.0,0.0
grid_UserPreference_Time_25000,1,7,vehicle,bus,432,158.85185185185185,158.8148148148148,2.1550925925925926,0.037037037037037035,25.264675925925925,779.5066666666667,151193483.914611,349984.916469007
grid_UserPreference_Time_25000,1,7,vehicle,car,7397,65.74071921049074,65.02203596052453,4.549547113694741,0.7186832499662026,19.643704204407193,576.8325537380019,1415782745.055672,191399.5870022539
grid_UserPreference_Time_25000,1,8,person,person,17706,343.0689031966565,343.0689031966565,300.2177792838586,0.0,7.9174720433751276,0.0,0.0,0.0
grid_UserPreference_Time_25000,1,8,vehicle,bus,432,158.75462962962962,158.6875,1.9398148148148149,0.06712962962962964,24.93601851851852,779.5066666666667,151127255.467999,349831.60987962736
grid_UserPreference_Time_25000,1,8,vehicle,car,7232,65.15204507743363,64.51521017699115,4.259679203539823,0.6368349004424779,19.167989491150443,576.4823949115045,1376355106.368785,190314.58882311737
grid_UserPreference_Time_25000,1,9,person,person,17796,343.4683074848281,343.4683074848281,300.8238368172623,0.0,7.659940997977073,0.0,0.0,0.0
grid_UserPreference_Time_25000,1,9,vehicle,bus,432,158.4212962962963,158.36342592592592,1.6666666666666667,0.05787037037037037,24.477430555555557,779.5066666666667,150722172.031314,348893.91673915274
grid_UserPreference_Time_25000,1,9,vehicle,car,7151,64.28771500489442,63.64130890784506,3.8784785344707036,0.6464060970493637,18.321654314081947,576.4379583275066,1350276216.266972,188823.4115881656
grid_UserPreference_Time_25000,1,10,person,person,17838,343.1479986545577,343.1479986545577,300.35127256418883,0.0,7.786939118735285,0.0,0.0,0.0
grid_UserPreference_Time_25000,1,10,vehicle,bus,432,158.6898148148148,158.61574074074073,1.7314814814814814,0.07407407407407407,24.726111111111113,779.5066666666667,151016830.518263,349575.9965700533
grid_UserPreference_Time_25000,1,10,vehicle,car,7105,65.1169781843772,64.46305418719211,4.391836734693878,0.653923997185081,19.148187192118225,576.3463476425053,1353588031.640897,190512.03823235707
grid_UserPreference_Time_25000,1,11,person,person,17879,343.40147659265057,343.40147659265057,300.56943900665584,0.0,7.796794563454331,0.0,0.0,0.0
grid_UserPreference_Time_25000,1,11,vehicle,bus,432,158.80092592592592,158.72916666666666,1.8287037037037037,0.07175925925925926,24.729699074074073,779.5066666666667,151150584.53644902,349885.61235289124
grid_UserPreference_Time_25000,1,11,vehicle,car,7063,64.49384963896361,63.86903582047289,3.9139175987540704,0.6248138184907264,18.53266175845958,576.2958572844401,1334482065.054639,188939.8364794902
grid_UserPreference_Time_25000,1,12,person,person,17885,343.2699468828627,343.2699468828627,300.345149566676,0.0,7.887802627900475,0.0,0.0,0.0
grid_UserPreference_Time_25000,1,12,vehicle,bus,432,159.05555555555554,158.98611111111111,1.9398148148148149,0.06944444444444445,25.010787037037037,779.5066666666667,151258218.504329,350134.76505631715
grid_UserPreference_Time_25000,1,12,vehicle,car,7055,64.76813607370659,64.13522324592488,4.000283486888732,0.6329128277817151,18.818582565556344,576.2953763288448,1337689897.662377,189608.7735878635
grid_UserPreference_Time_25000,1,13,person,person,17904,343.28317694369974,343.28317694369974,300.4532506702413,0.0,7.778493074173368,0.0,0.0,0.0
grid_UserPreference_Time_25000,1,13,vehicle,bus,432,158.80324074074073,158.75462962962962,1.6666666666666667,0.04861111111111111,24.69386574074074,779.5066666666667,151178742.257877,349950.7922636042
grid_UserPreference_Time_25000,1,13,vehicle,car,7037,64.37900525792242,63.74648287622566,3.8077305670029844,0.6325223816967458,18.428452465539294,576.2224584339917,1328320198.387707,188762.2848355417
grid_UserPreference_Time_25000,1,14,person,person,17905,342.9415247137671,342.9415247137671,300.1829656520525,0.0,7.71919407986596,0.0,0.0,0.0
grid_UserPreference_Time_25000,1,14,vehicle,bus,432,158.6226851851852,158.57638888888889,1.6226851851851851,0.046296296296296294,24.558865740740742,779.5066666666667,150970471.922338,349468.68500541203
grid_UserPreference_Time_25000,1,14,vehicle,car,7037,64.31605229501208,63.67770356686088,3.8706835299133155,0.6383487281512008,18.366927668040358,576.2224584339917,1328489802.850092,188786.3866491533
