tripinfo_arrival;tripinfo_arrivalLane;tripinfo_arrivalPos;tripinfo_arrivalSpeed;tripinfo_depart;tripinfo_departDelay;tripinfo_departLane;tripinfo_departPos;tripinfo_departSpeed;tripinfo_devices;tripinfo_duration;tripinfo_id;tripinfo_rerouteNo;tripinfo_routeLength;tripinfo_speedFactor;tripinfo_stopTime;tripinfo_timeLoss;tripinfo_vType;tripinfo_vaporized;tripinfo_waitingCount;tripinfo_waitingTime;emissions_CO2_abs;emissions_CO_abs;emissions_HC_abs;emissions_NOx_abs;emissions_PMx_abs;emissions_electricity_abs;emissions_fuel_abs
86.00;E2J1_0;100.00;13.39;0.00;0.00;A2A3_0;4.60;0.00;tripinfo_flow_0.0 emissions_flow_0.0;86.00;flow_0.0;0;632.42;1.06;0.00;38.91;car;;1;23.00;242224.952847;5114.243572;28.915085;99.905087;5.621984;0;77276.694761
162.00;E2J1_0;100.00;9.37;0.00;0.00;A2A1_0;10.10;0.00;tripinfo_flow_1.0 emissions_flow_1.0;162.00;flow_1.0;0;632.08;0.94;60.00;37.96;bus;;1;8.00;386936.728716;12041.071591;63.508907;159.542592;10.745306;0;123438.086602
355.00;E2J1_0;100.00;13.60;259.00;0.32;A2A3_0;4.60;0.00;tripinfo_flow_0.1 emissions_flow_0.1;96.00;flow_0.1;0;632.42;1.01;0.00;49.78;car;;1;33.00;280132.831670;6473.588209;36.017706;115.490991;6.770873;0;89369.626992
625.00;E2J1_0;100.00;12.87;518.00;0.64;A2A3_0;4.60;0.00;tripinfo_flow_0.2 emissions_flow_0.2;107.00;flow_0.2;0;632.42;1.08;0.00;61.05;car;;1;46.00;299085.052370;7759.572851;42.135214;123.722388;7.694908;0;95414.638393
896.00;E2J1_0;100.00;13.79;777.00;0.96;A2A3_0;4.60;0.00;tripinfo_flow_0.3 emissions_flow_0.3;119.00;flow_0.3;0;632.42;1.03;0.00;71.91;car;;1;56.00;324799.969778;8760.936705;47.299004;133.786992;8.469868;0;103617.952205
1103.00;E2J1_0;100.00;11.22;1035.00;0.28;A2A3_0;4.60;0.00;tripinfo_flow_0.4 emissions_flow_0.4;68.00;flow_0.4;0;632.42;0.83;0.00;12.00;car;;0;0.00;162937.586555;2013.252201;13.077473;64.121937;2.691139;0;51984.359202
1351.00;E2J1_0;100.00;13.77;1294.00;0.60;A2A3_0;4.60;0.00;tripinfo_flow_0.5 emissions_flow_0.5;57.00;flow_0.5;0;632.42;1.05;0.00;11.04;car;;0;0.00;173794.133111;2012.490487;13.369712;70.912437;3.145307;0;55447.856534
1617.00;E2J1_0;100.00;11.58;1553.00;0.92;A2A3_0;4.60;0.00;tripinfo_flow_0.6 emissions_flow_0.6;64.00;flow_0.6;0;632.42;0.89;0.00;11.11;car;;0;0.00;172352.188144;2105.315462;13.774885;69.392080;3.020623;0;54987.692093
1887.00;E2J1_0;100.00;11.85;1811.00;0.24;A2A3_0;4.60;0.00;tripinfo_flow_0.7 emissions_flow_0.7;76.00;flow_0.7;0;632.42;0.94;0.00;26.61;car;;1;9.00;212189.547752;3726.612551;21.900620;86.371055;4.422364;0;67695.832357
2159.00;E2J1_0;100.00;10.87;2070.00;0.56;A2A3_0;4.60;0.00;tripinfo_flow_0.8 emissions_flow_0.8;89.00;flow_0.8;0;632.42;0.86;0.00;35.04;car;;1;20.00;222014.076402;4565.354823;25.990488;89.889005;4.860598;0;70829.268726
2426.00;E2J1_0;100.00;12.82;2329.00;0.88;A2A3_0;4.60;0.00;tripinfo_flow_0.9 emissions_flow_0.9;97.00;flow_0.9;0;632.42;1.09;0.00;50.93;car;;1;33.00;273615.654592;6261.999845;34.755279;111.895622;6.496300;0;87290.869795
2696.00;E2J1_0;100.00;13.10;2587.00;0.20;A2A3_0;4.60;0.00;tripinfo_flow_0.10 emissions_flow_0.10;109.00;flow_0.10;0;632.42;1.03;0.00;61.89;car;;1;46.00;295134.972299;7593.266038;41.260283;121.367590;7.512752;0;94154.803458
2966.00;E2J1_0;100.00;13.37;2846.00;0.52;A2A3_0;4.60;0.00;tripinfo_flow_0.11 emissions_flow_0.11;120.00;flow_0.11;0;632.42;1.05;0.00;73.91;car;;1;57.00;326964.411110;8990.317999;48.284269;134.917853;8.634857;0;104308.148644
3162.00;E2J1_0;100.00;12.67;3105.00;0.84;A2A3_0;4.60;0.00;tripinfo_flow_0.12 emissions_flow_0.12;57.00;flow_0.12;0;632.42;1.12;0.00;10.37;car;;0;0.00;168883.920715;1896.587971;12.789377;68.820579;3.011691;0;53881.356216
3422.00;E2J1_0;100.00;13.45;3363.00;0.16;A2A3_0;4.60;0.00;tripinfo_flow_0.13 emissions_flow_0.13;59.00;flow_0.13;0;632.42;0.99;0.00;11.79;car;;0;0.00;176209.588020;2068.305545;13.694175;71.661055;3.173584;0;56218.474799
3688.00;E2J1_0;100.00;11.94;3622.00;0.48;A2A3_0;4.60;0.00;tripinfo_flow_0.14 emissions_flow_0.14;66.00;flow_0.14;0;632.42;0.93;0.00;15.59;car;;0;0.00;185941.254046;2422.360130;15.502517;75.438450;3.395865;0;59322.852232
3959.00;E2J1_0;100.00;11.07;3881.00;0.80;A2A3_0;4.60;0.00;tripinfo_flow_0.15 emissions_flow_0.15;78.00;flow_0.15;0;632.42;0.88;0.00;25.34;car;;1;9.00;198037.928417;3482.559114;20.597640;80.966276;4.116650;0;63180.708887
4227.00;E2J1_0;100.00;12.63;4139.00;0.12;A2A3_0;4.60;0.00;tripinfo_flow_0.16 emissions_flow_0.16;88.00;flow_0.16;0;632.42;0.94;0.00;37.98;car;;1;22.00;239375.368300;4951.746780;28.173152;98.293408;5.428325;0;76367.752381
4497.00;E2J1_0;100.00;12.61;4398.00;0.44;A2A3_0;4.60;0.00;tripinfo_flow_0.17 emissions_flow_0.17;99.00;flow_0.17;0;632.42;0.94;0.00;49.13;car;;1;33.00;264806.771546;6255.801683;34.611029;109.283164;6.457892;0;84479.901903
4766.00;E2J1_0;100.00;12.93;4657.00;0.76;A2A3_0;4.60;0.00;tripinfo_flow_0.18 emissions_flow_0.18;109.00;flow_0.18;0;632.42;1.16;0.00;62.68;car;;1;46.00;301374.839714;7795.594420;42.414029;124.884762;7.767701;0;96145.066573
5036.00;E2J1_0;100.00;13.01;4915.00;0.08;A2A3_0;4.60;0.00;tripinfo_flow_0.19 emissions_flow_0.19;121.00;flow_0.19;0;632.42;1.02;0.00;74.84;car;;1;59.00;333554.840818;9107.559685;48.954249;136.952256;8.726720;0;106410.950812
5232.00;E2J1_0;100.00;13.37;5174.00;0.40;A2A3_0;4.60;0.00;tripinfo_flow_0.20 emissions_flow_0.20;58.00;flow_0.20;0;632.42;1.01;0.00;11.56;car;;0;0.00;169387.704437;1935.839067;12.854488;68.555083;2.999182;0;54042.218493
5491.00;E2J1_0;100.00;12.57;5433.00;0.72;A2A3_0;4.60;0.00;tripinfo_flow_0.21 emissions_flow_0.21;58.00;flow_0.21;0;632.42;0.97;0.00;10.83;car;;0;0.00;171475.772743;1880.428229;12.572815;68.389027;2.879597;0;54708.786364
5758.00;E2J1_0;100.00;12.03;5691.00;0.04;A2A3_0;4.60;0.00;tripinfo_flow_0.22 emissions_flow_0.22;67.00;flow_0.22;0;632.42;0.89;0.00;14.75;car;;0;0.00;182399.022466;2446.358357;15.536891;74.229002;3.390505;0;58192.540458
6031.00;E2J1_0;100.00;10.18;5950.00;0.36;A2A3_0;4.60;0.00;tripinfo_flow_0.23 emissions_flow_0.23;81.00;flow_0.23;0;632.42;0.83;0.00;25.25;car;;1;8.00;194614.870454;3467.803941;20.388898;78.508527;3.957390;0;62088.822257
6299.00;E2J1_0;100.00;10.93;6209.00;0.68;A2A3_0;4.60;0.00;tripinfo_flow_0.24 emissions_flow_0.24;90.00;flow_0.24;0;632.42;0.87;0.00;37.41;car;;1;21.00;231539.144858;4829.812168;27.391629;93.277604;5.064435;0;73868.114219
6568.00;E2J1_0;100.00;12.21;6467.00;0.00;A2A3_0;4.60;0.00;tripinfo_flow_0.25 emissions_flow_0.25;101.00;flow_0.25;0;632.42;0.92;0.00;49.76;car;;1;33.00;263587.888483;6227.913230;34.346604;106.883059;6.245303;0;84091.591506
6837.00;E2J1_0;100.00;12.72;6726.00;0.32;A2A3_0;4.60;0.00;tripinfo_flow_0.26 emissions_flow_0.26;111.00;flow_0.26;0;632.42;0.95;0.00;62.46;car;;1;45.00;294652.035655;7808.392386;42.365964;122.151937;7.657413;0;93999.948861
7106.00;E2J1_0;100.00;13.30;6985.00;0.64;A2A3_0;4.60;0.00;tripinfo_flow_0.27 emissions_flow_0.27;121.00;flow_0.27;0;632.42;1.13;0.00;74.71;car;;1;58.00;327270.897534;9006.226994;48.362906;135.066512;8.640440;0;104405.910403
7301.00;E2J1_0;100.00;13.48;7244.00;0.96;A2A3_0;4.60;0.00;tripinfo_flow_0.28 emissions_flow_0.28;57.00;flow_0.28;0;632.42;1.18;0.00;10.18;car;;0;0.00;166807.590433;1871.684290;12.540583;67.301144;2.905032;0;53219.134533
7363.00;E2J1_0;100.00;9.35;7200.00;0.00;A2A1_0;10.10;0.00;tripinfo_flow_1.1 emissions_flow_1.1;163.00;flow_1.1;0;632.08;0.93;60.00;38.91;bus;;3;11.00;391153.011697;12216.346796;64.394422;161.183886;10.879142;0;124783.119522
7558.00;E2J1_0;100.00;13.19;7502.00;0.28;A2A3_0;4.60;0.00;tripinfo_flow_0.29 emissions_flow_0.29;56.00;flow_0.29;0;632.42;1.15;0.00;10.29;car;;0;0.00;165617.585898;1726.713895;11.765028;65.692020;2.712076;0;52840.005788
7825.00;E2J1_0;100.00;13.74;7761.00;0.60;A2A3_0;4.60;0.00;tripinfo_flow_0.30 emissions_flow_0.30;64.00;flow_0.30;0;632.42;1.01;0.00;18.30;car;;0;0.00;189724.311881;2486.917081;15.874170;77.745030;3.591099;0;60529.696252
8096.00;E2J1_0;100.00;13.48;8020.00;0.92;A2A3_0;4.60;0.00;tripinfo_flow_0.31 emissions_flow_0.31;76.00;flow_0.31;0;632.42;1.17;0.00;29.60;car;;1;14.00;223564.047974;4017.758665;23.486232;91.642808;4.794986;0;71324.526480
8366.00;E2J1_0;100.00;13.28;8278.00;0.24;A2A3_0;4.60;0.00;tripinfo_flow_0.32 emissions_flow_0.32;88.00;flow_0.32;0;632.42;0.99;0.00;40.94;car;;1;25.00;246587.263656;5260.443941;29.592867;100.992687;5.696317;0;78668.568520
8636.00;E2J1_0;100.00;12.62;8537.00;0.56;A2A3_0;4.60;0.00;tripinfo_flow_0.33 emissions_flow_0.33;99.00;flow_0.33;0;632.42;1.02;0.00;51.92;car;;1;36.00;277114.597876;6527.002440;36.128896;114.227192;6.759112;0;88406.572193
8906.00;E2J1_0;100.00;13.21;8796.00;0.88;A2A3_0;4.60;0.00;tripinfo_flow_0.34 emissions_flow_0.34;110.00;flow_0.34;0;632.42;0.97;0.00;62.80;car;;1;46.00;296751.215798;7665.511924;41.656414;122.146403;7.551559;0;94670.251519
9175.00;E2J1_0;100.00;13.73;9054.00;0.20;A2A3_0;4.60;0.00;tripinfo_flow_0.35 emissions_flow_0.35;121.00;flow_0.35;0;632.42;1.18;0.00;75.40;car;;1;61.00;336881.953785;9388.414754;50.430202;139.775713;9.035936;0;107471.633181
9370.00;E2J1_0;100.00;13.64;9313.00;0.52;A2A3_0;4.60;0.00;tripinfo_flow_0.36 emissions_flow_0.36;57.00;flow_0.36;0;632.42;1.10;0.00;10.92;car;;0;0.00;165397.263052;1810.459046;12.111211;65.942671;2.802320;0;52769.533304
9634.00;E2J1_0;100.00;12.19;9572.00;0.84;A2A3_0;4.60;0.00;tripinfo_flow_0.37 emissions_flow_0.37;62.00;flow_0.37;0;632.42;0.90;0.00;10.80;car;;0;0.00;167760.649792;1940.030486;12.832703;67.123222;2.871282;0;53523.154014
9896.00;E2J1_0;100.00;12.64;9830.00;0.16;A2A3_0;4.60;0.00;tripinfo_flow_0.38 emissions_flow_0.38;66.00;flow_0.38;0;632.42;1.03;0.00;19.85;car;;1;3.00;205093.163313;2955.969225;18.373263;84.075035;4.019635;0;65432.612269
10167.00;E2J1_0;100.00;13.07;10089.00;0.48;A2A3_0;4.60;0.00;tripinfo_flow_0.39 emissions_flow_0.39;78.00;flow_0.39;0;632.42;0.96;0.00;29.01;car;;1;11.00;221587.514624;3922.716697;23.109980;90.913043;4.693210;0;70693.846748
10436.00;E2J1_0;100.00;13.80;10348.00;0.80;A2A3_0;4.60;0.00;tripinfo_flow_0.40 emissions_flow_0.40;88.00;flow_0.40;0;632.42;1.09;0.00;41.35;car;;1;26.00;263545.979736;5446.020275;31.034653;108.473076;6.026111;0;84078.895790
10706.00;E2J1_0;100.00;12.82;10606.00;0.12;A2A3_0;4.60;0.00;tripinfo_flow_0.41 emissions_flow_0.41;100.00;flow_0.41;0;632.42;1.04;0.00;53.63;car;;1;37.00;275865.288651;6628.662989;36.639221;114.219327;6.828882;0;88007.622522
10976.00;E2J1_0;100.00;12.86;10865.00;0.44;A2A3_0;4.60;0.00;tripinfo_flow_0.42 emissions_flow_0.42;111.00;flow_0.42;0;632.42;1.04;0.00;64.05;car;;1;48.00;305021.358950;7999.035548;43.552057;127.757845;8.029135;0;97307.768590
11246.00;E2J1_0;100.00;13.11;11124.00;0.76;A2A3_0;4.60;0.00;tripinfo_flow_0.43 emissions_flow_0.43;122.00;flow_0.43;0;632.42;1.09;0.00;75.94;car;;1;59.00;328139.690425;9164.672141;49.160395;135.427441;8.759868;0;104682.908666
11438.00;E2J1_0;100.00;13.21;11382.00;0.08;A2A3_0;4.60;0.00;tripinfo_flow_0.44 emissions_flow_0.44;56.00;flow_0.44;0;632.42;1.00;0.00;10.11;car;;0;0.00;174279.061342;1975.242925;13.270036;71.397134;3.143592;0;55602.498464
11705.00;E2J1_0;100.00;12.13;11641.00;0.40;A2A3_0;4.60;0.00;tripinfo_flow_0.45 emissions_flow_0.45;64.00;flow_0.45;0;632.42;0.90;0.00;11.87;car;;0;0.00;170269.310229;2082.702319;13.630755;68.629402;2.991478;0;54323.158087
11969.00;E2J1_0;100.00;12.10;11900.00;0.72;A2A3_0;4.60;0.00;tripinfo_flow_0.46 emissions_flow_0.46;69.00;flow_0.46;0;632.42;0.88;0.00;15.49;car;;0;0.00;181248.690103;2460.111686;15.529459;73.245907;3.332593;0;57825.635478
12240.00;E2J1_0;100.00;11.14;12158.00;0.04;A2A3_0;4.60;0.00;tripinfo_flow_0.47 emissions_flow_0.47;82.00;flow_0.47;0;632.42;0.85;0.00;27.86;car;;1;12.00;208554.251513;3826.242407;22.332675;83.684054;4.256630;0;66536.002274
12510.00;E2J1_0;100.00;10.85;12417.00;0.36;A2A3_0;4.60;0.00;tripinfo_flow_0.48 emissions_flow_0.48;93.00;flow_0.48;0;632.42;0.85;0.00;38.36;car;;1;21.00;234938.304729;5025.059161;28.356898;94.975380;5.218046;0;74952.244735
12776.00;E2J1_0;100.00;13.16;12676.00;0.68;A2A3_0;4.60;0.00;tripinfo_flow_0.49 emissions_flow_0.49;100.00;flow_0.49;0;632.42;1.17;0.00;53.09;car;;1;38.00;285947.383901;6796.437604;37.568559;117.828057;7.004591;0;91224.397229
13046.00;E2J1_0;100.00;13.78;12934.00;0.00;A2A3_0;4.60;0.00;tripinfo_flow_0.50 emissions_flow_0.50;112.00;flow_0.50;0;632.42;1.02;0.00;65.86;car;;1;50.00;318640.302152;8230.395487;44.702237;131.403594;8.158028;0;101653.384033
13249.00;E2J1_0;100.00;12.82;13193.00;0.32;A2A3_0;4.60;0.00;tripinfo_flow_0.51 emissions_flow_0.51;56.00;flow_0.51;0;632.42;1.10;0.00;10.04;car;;0;0.00;165410.706839;1812.166057;12.079628;66.358217;2.868139;0;52773.775803
13510.00;E2J1_0;100.00;13.52;13452.00;0.64;A2A3_0;4.60;0.00;tripinfo_flow_0.52 emissions_flow_0.52;58.00;flow_0.52;0;632.42;1.00;0.00;11.28;car;;0;0.00;175816.705291;1980.568585;13.287369;71.513977;3.129944;0;56093.270569
13768.00;E2J1_0;100.00;12.93;13711.00;0.96;A2A3_0;4.60;0.00;tripinfo_flow_0.53 emissions_flow_0.53;57.00;flow_0.53;0;632.42;1.00;0.00;10.89;car;;0;0.00;173590.883811;1944.310592;12.922194;69.817960;3.018771;0;55383.458336
14038.00;E2J1_0;100.00;11.67;13969.00;0.28;A2A3_0;4.60;0.00;tripinfo_flow_0.54 emissions_flow_0.54;69.00;flow_0.54;0;632.42;0.90;0.00;17.23;car;;1;1.00;183169.171242;2548.870816;15.986496;74.213258;3.411797;0;58438.222872
14306.00;E2J1_0;100.00;12.75;14228.00;0.60;A2A3_0;4.60;0.00;tripinfo_flow_0.55 emissions_flow_0.55;78.00;flow_0.55;0;632.42;1.14;0.00;31.11;car;;1;16.00;231873.062802;4281.731897;24.877508;94.812177;4.981691;0;73975.257380
14563.00;E2J1_0;100.00;9.90;14400.00;0.00;A2A1_0;10.10;0.00;tripinfo_flow_1.2 emissions_flow_1.2;163.00;flow_1.2;0;632.08;1.02;60.00;38.66;bus;;2;9.00;382418.526263;11942.679143;62.962520;157.804405;10.660802;0;121996.647533
14576.00;E2J1_0;100.00;12.52;14487.00;0.92;A2A3_0;4.60;0.00;tripinfo_flow_0.56 emissions_flow_0.56;89.00;flow_0.56;0;632.42;0.97;0.00;40.77;car;;1;26.00;251662.325685;5388.856051;30.350303;103.063186;5.788711;0;80287.567216
14846.00;E2J1_0;100.00;13.14;14745.00;0.24;A2A3_0;4.60;0.00;tripinfo_flow_0.57 emissions_flow_0.57;101.00;flow_0.57;0;632.42;1.08;0.00;55.19;car;;1;37.00;284188.906537;6775.634573;37.278477;115.644791;6.838036;0;90663.836925
15116.00;E2J1_0;100.00;13.75;15004.00;0.56;A2A3_0;4.60;0.00;tripinfo_flow_0.58 emissions_flow_0.58;112.00;flow_0.58;0;632.42;1.12;0.00;64.95;car;;1;50.00;316821.811223;8118.606401;44.277239;130.515850;8.040176;0;101073.290413
15386.00;E2J1_0;100.00;13.31;15263.00;0.88;A2A3_0;4.60;0.00;tripinfo_flow_0.59 emissions_flow_0.59;123.00;flow_0.59;0;632.42;1.02;0.00;76.20;car;;1;58.00;336399.980694;9297.898236;50.030288;139.202194;8.941167;0;107318.057730
15579.00;E2J1_0;100.00;12.43;15521.00;0.20;A2A3_0;4.60;0.00;tripinfo_flow_0.60 emissions_flow_0.60;58.00;flow_0.60;0;632.42;0.99;0.00;10.36;car;;0;0.00;171209.711110;1920.602738;12.811605;68.850854;2.968789;0;54623.684845
15842.00;E2J1_0;100.00;12.28;15780.00;0.52;A2A3_0;4.60;0.00;tripinfo_flow_0.61 emissions_flow_0.61;62.00;flow_0.61;0;632.42;0.94;0.00;11.33;car;;0;0.00;171645.051301;2094.276725;13.736547;69.396878;3.050047;0;54762.076229
16108.00;E2J1_0;100.00;11.68;16039.00;0.84;A2A3_0;4.60;0.00;tripinfo_flow_0.62 emissions_flow_0.62;69.00;flow_0.62;0;632.42;0.88;0.00;16.46;car;;1;1.00;185239.360392;2639.722183;16.517357;75.573177;3.528488;0;59098.445495
16378.00;E2J1_0;100.00;11.44;16297.00;0.16;A2A3_0;4.60;0.00;tripinfo_flow_0.63 emissions_flow_0.63;81.00;flow_0.63;0;632.42;0.91;0.00;29.67;car;;1;13.00;216686.378636;3982.913606;23.280835;88.494523;4.598711;0;69130.042058
16648.00;E2J1_0;100.00;12.10;16556.00;0.48;A2A3_0;4.60;0.00;tripinfo_flow_0.64 emissions_flow_0.64;92.00;flow_0.64;0;632.42;0.91;0.00;41.20;car;;1;26.00;251239.316492;5466.731204;30.616602;101.891742;5.726732;0;80152.712679
16915.00;E2J1_0;100.00;12.72;16815.00;0.80;A2A3_0;4.60;0.00;tripinfo_flow_0.65 emissions_flow_0.65;100.00;flow_0.65;0;632.42;1.04;0.00;54.38;car;;1;37.00;272270.094634;6636.415562;36.573267;112.870547;6.800004;0;86860.506337
17185.00;E2J1_0;100.00;12.96;17073.00;0.12;A2A3_0;4.60;0.00;tripinfo_flow_0.66 emissions_flow_0.66;112.00;flow_0.66;0;632.42;1.02;0.00;64.84;car;;1;49.00;307434.016958;8037.384345;43.646887;126.939750;7.909799;0;98078.086337
17390.00;E2J1_0;100.00;13.14;17332.00;0.44;A2A3_0;4.60;0.00;tripinfo_flow_0.67 emissions_flow_0.67;58.00;flow_0.67;0;632.42;1.02;0.00;11.58;car;;0;0.00;172247.623725;2011.479740;13.288160;70.030793;3.092463;0;54954.467569
17652.00;E2J1_0;100.00;13.04;17591.00;0.76;A2A3_0;4.60;0.00;tripinfo_flow_0.68 emissions_flow_0.68;61.00;flow_0.68;0;632.42;0.97;0.00;12.80;car;;0;0.00;173801.630809;2064.572559;13.512497;69.786353;3.059860;0;55450.479786
17910.00;E2J1_0;100.00;11.84;17849.00;0.08;A2A3_0;4.60;0.00;tripinfo_flow_0.69 emissions_flow_0.69;61.00;flow_0.69;0;632.42;0.94;0.00;11.68;car;;0;0.00;158129.745870;1914.178084;12.509408;64.247724;2.852773;0;50450.102412
18175.00;E2J1_0;100.00;13.82;18108.00;0.40;A2A3_0;4.60;0.00;tripinfo_flow_0.70 emissions_flow_0.70;67.00;flow_0.70;0;632.42;1.06;0.00;21.40;car;;1;6.00;205123.686630;3045.547360;18.699721;83.928814;4.062067;0;65442.309843
18447.00;E2J1_0;100.00;12.39;18367.00;0.72;A2A3_0;4.60;0.00;tripinfo_flow_0.71 emissions_flow_0.71;80.00;flow_0.71;0;632.42;0.96;0.00;31.21;car;;1;15.00;226398.861143;4285.955311;24.825530;92.908879;4.927487;0;72228.435546
18716.00;E2J1_0;100.00;12.44;18625.00;0.04;A2A3_0;4.60;0.00;tripinfo_flow_0.72 emissions_flow_0.72;91.00;flow_0.72;0;632.42;0.98;0.00;44.06;car;;1;26.00;254064.152669;5610.138679;31.479989;104.837157;6.002106;0;81053.323765
18986.00;E2J1_0;100.00;13.09;18884.00;0.36;A2A3_0;4.60;0.00;tripinfo_flow_0.73 emissions_flow_0.73;102.00;flow_0.73;0;632.42;1.03;0.00;55.29;car;;1;40.00;285567.922138;6966.591784;38.320214;117.735123;7.083139;0;91103.051691
19256.00;E2J1_0;100.00;12.81;19143.00;0.68;A2A3_0;4.60;0.00;tripinfo_flow_0.74 emissions_flow_0.74;113.00;flow_0.74;0;632.42;0.98;0.00;66.33;car;;1;50.00;305796.953799;8173.270665;44.218200;126.499349;7.990487;0;97555.496954
19458.00;E2J1_0;100.00;13.39;19401.00;0.00;A2A3_0;4.60;0.00;tripinfo_flow_0.75 emissions_flow_0.75;57.00;flow_0.75;0;632.42;1.01;0.00;10.71;car;;0;0.00;170936.541914;1944.035398;12.889069;69.247267;3.035661;0;54536.373736
19717.00;E2J1_0;100.00;12.71;19660.00;0.32;A2A3_0;4.60;0.00;tripinfo_flow_0.76 emissions_flow_0.76;57.00;flow_0.76;0;632.42;1.09;0.00;11.18;car;;0;0.00;167104.797912;1843.897271;12.367441;67.069452;2.869867;0;53314.136798
19975.00;E2J1_0;100.00;13.47;19919.00;0.64;A2A3_0;4.60;0.00;tripinfo_flow_0.77 emissions_flow_0.77;56.00;flow_0.77;0;632.42;1.03;0.00;10.07;car;;0;0.00;172563.852418;1964.957596;13.040063;69.944958;3.089622;0;55055.583421
20246.00;E2J1_0;100.00;12.59;20178.00;0.96;A2A3_0;4.60;0.00;tripinfo_flow_0.78 emissions_flow_0.78;68.00;flow_0.78;0;632.42;1.00;0.00;21.58;car;;1;5.00;208622.577284;3317.788292;20.237006;87.420783;4.421360;0;66557.593533
20516.00;E2J1_0;100.00;13.82;20436.00;0.28;A2A3_0;4.60;0.00;tripinfo_flow_0.79 emissions_flow_0.79;80.00;flow_0.79;0;632.42;1.02;0.00;33.11;car;;1;15.00;234940.070467;4387.421145;25.563214;97.320323;5.190766;0;74953.221557
20786.00;E2J1_0;100.00;12.57;20695.00;0.60;A2A3_0;4.60;0.00;tripinfo_flow_0.80 emissions_flow_0.80;91.00;flow_0.80;0;632.42;0.97;0.00;42.29;car;;1;28.00;251783.636912;5566.956343;31.238320;104.036601;5.968791;0;80325.715176
21057.00;E2J1_0;100.00;13.24;20954.00;0.92;A2A3_0;4.60;0.00;tripinfo_flow_0.81 emissions_flow_0.81;103.00;flow_0.81;0;632.42;1.15;0.00;56.68;car;;1;41.00;287750.662598;7071.211098;38.817828;118.277449;7.142574;0;91799.470027
21326.00;E2J1_0;100.00;12.83;21212.00;0.24;A2A3_0;4.60;0.00;tripinfo_flow_0.82 emissions_flow_0.82;114.00;flow_0.82;0;632.42;0.98;0.00;66.02;car;;1;51.00;311439.879591;8181.134170;44.270592;127.647042;7.959830;0;99356.295668
21529.00;E2J1_0;100.00;13.47;21471.00;0.56;A2A3_0;4.60;0.00;tripinfo_flow_0.83 emissions_flow_0.83;58.00;flow_0.83;0;632.42;1.00;0.00;11.58;car;;0;0.00;168403.124821;1953.882671;12.712930;67.517650;2.937581;0;53728.311111
21764.00;E2J1_0;100.00;9.81;21600.00;0.00;A2A1_0;10.10;0.00;tripinfo_flow_1.3 emissions_flow_1.3;164.00;flow_1.3;0;632.08;1.04;60.00;39.12;bus;;3;9.00;393782.984497;12304.046792;64.851696;162.251656;10.954108;0;125622.115464
21787.00;E2J1_0;100.00;13.66;21730.00;0.88;A2A3_0;4.60;0.00;tripinfo_flow_0.84 emissions_flow_0.84;57.00;flow_0.84;0;632.42;1.01;0.00;10.39;car;;0;0.00;173108.342564;2002.382137;13.370793;70.901138;3.160792;0;55228.955596
22046.00;E2J1_0;100.00;12.79;21988.00;0.20;A2A3_0;4.60;0.00;tripinfo_flow_0.85 emissions_flow_0.85;58.00;flow_0.85;0;632.42;1.02;0.00;11.03;car;;0;0.00;170234.308458;2030.348657;13.391060;69.493275;3.096251;0;54311.952877
22316.00;E2J1_0;100.00;13.07;22247.00;0.52;A2A3_0;4.60;0.00;tripinfo_flow_0.86 emissions_flow_0.86;69.00;flow_0.86;0;632.42;1.02;0.00;22.61;car;;1;7.00;214763.955332;3327.243245;20.233942;88.193781;4.348245;0;68517.637426
22589.00;E2J1_0;100.00;11.36;22506.00;0.84;A2A3_0;4.60;0.00;tripinfo_flow_0.87 emissions_flow_0.87;83.00;flow_0.87;0;632.42;0.89;0.00;30.37;car;;1;14.00;216850.137724;4238.960033;24.386475;88.473112;4.723419;0;69181.972444
22859.00;E2J1_0;100.00;10.30;22764.00;0.16;A2A3_0;4.60;0.00;tripinfo_flow_0.88 emissions_flow_0.88;95.00;flow_0.88;0;632.42;0.83;0.00;39.56;car;;1;24.00;240661.138922;5347.861261;29.943917;97.797494;5.518865;0;76777.593893
23128.00;E2J1_0;100.00;12.35;23023.00;0.48;A2A3_0;4.60;0.00;tripinfo_flow_0.89 emissions_flow_0.89;105.00;flow_0.89;0;632.42;0.92;0.00;54.72;car;;1;38.00;274018.884577;6840.141900;37.472071;112.650158;6.806202;0;87418.378845
23396.00;E2J1_0;100.00;12.70;23282.00;0.80;A2A3_0;4.60;0.00;tripinfo_flow_0.90 emissions_flow_0.90;114.00;flow_0.90;0;632.42;1.09;0.00;67.93;car;;1;51.00;314390.265943;8306.219605;44.948362;128.638166;8.036751;0;100297.537503
23597.00;E2J1_0;100.00;12.61;23540.00;0.12;A2A3_0;4.60;0.00;tripinfo_flow_0.91 emissions_flow_0.91;57.00;flow_0.91;0;632.42;1.06;0.00;10.55;car;;0;0.00;165624.870775;1876.818275;12.640300;67.654886;2.976960;0;52841.483497
23857.00;E2J1_0;100.00;12.97;23799.00;0.44;A2A3_0;4.60;0.00;tripinfo_flow_0.92 emissions_flow_0.92;58.00;flow_0.92;0;632.42;1.01;0.00;11.27;car;;0;0.00;172022.086861;2051.097684;13.450249;70.222216;3.132268;0;54882.389071
24121.00;E2J1_0;100.00;12.46;24058.00;0.76;A2A3_0;4.60;0.00;tripinfo_flow_0.93 emissions_flow_0.93;63.00;flow_0.93;0;632.42;0.91;0.00;11.34;car;;0;0.00;165650.706015;1869.374977;12.465888;65.808622;2.765854;0;52850.180009
24386.00;E2J1_0;100.00;12.65;24316.00;0.08;A2A3_0;4.60;0.00;tripinfo_flow_0.94 emissions_flow_0.94;70.00;flow_0.94;0;632.42;1.12;0.00;24.31;car;;1;7.00;208618.068124;3402.034996;20.446944;85.611822;4.296315;0;66556.631680
24656.00;E2J1_0;100.00;12.93;24575.00;0.40;A2A3_0;4.60;0.00;tripinfo_flow_0.95 emissions_flow_0.95;81.00;flow_0.95;0;632.42;1.10;0.00;34.76;car;;1;19.00;233767.675218;4557.739835;26.296133;96.553891;5.233261;0;74579.007554
24925.00;E2J1_0;100.00;13.77;24834.00;0.72;A2A3_0;4.60;0.00;tripinfo_flow_0.96 emissions_flow_0.96;91.00;flow_0.96;0;632.42;1.06;0.00;44.73;car;;1;30.00;264326.955467;5905.766381;33.109204;109.564902;6.342083;0;84327.235924
25196.00;E2J1_0;100.00;13.21;25092.00;0.04;A2A3_0;4.60;0.00;tripinfo_flow_0.97 emissions_flow_0.97;104.00;flow_0.97;0;632.42;0.96;0.00;55.01;car;;1;38.00;283043.528536;6943.213546;38.096636;115.913451;6.938084;0;90297.825208
25466.00;E2J1_0;100.00;12.79;25351.00;0.36;A2A3_0;4.60;0.00;tripinfo_flow_0.98 emissions_flow_0.98;115.00;flow_0.98;0;632.42;0.97;0.00;67.29;car;;1;51.00;298540.134904;8132.180590;43.844629;123.308091;7.835867;0;95240.208428
25672.00;E2J1_0;100.00;12.51;25610.00;0.68;A2A3_0;4.60;0.00;tripinfo_flow_0.99 emissions_flow_0.99;62.00;flow_0.99;0;632.42;0.95;0.00;12.78;car;;0;0.00;171805.504799;2045.509845;13.394221;68.499577;2.950908;0;54813.676014
25931.00;E2J1_0;100.00;11.27;25868.00;0.00;A2A3_0;4.60;0.00;tripinfo_flow_0.100 emissions_flow_0.100;63.00;flow_0.100;0;632.42;0.89;0.00;11.04;car;;0;0.00;156776.278238;1814.484588;12.012921;62.576102;2.655601;0;50018.656348
26184.00;E2J1_0;100.00;13.40;26127.00;0.32;A2A3_0;4.60;0.00;tripinfo_flow_0.101 emissions_flow_0.101;57.00;flow_0.101;0;632.42;1.07;0.00;10.43;car;;0;0.00;172643.930973;1938.155310;12.915663;69.689194;3.035412;0;55081.237170
26456.00;E2J1_0;100.00;13.35;26386.00;0.64;A2A3_0;4.60;0.00;tripinfo_flow_0.102 emissions_flow_0.102;70.00;flow_0.102;0;632.42;1.01;0.00;22.74;car;;1;8.00;210733.596886;3341.374159;20.210080;86.946929;4.341261;0;67231.575064
26726.00;E2J1_0;100.00;13.65;26645.00;0.96;A2A3_0;4.60;0.00;tripinfo_flow_0.103 emissions_flow_0.103;81.00;flow_0.103;0;632.42;1.03;0.00;34.00;car;;1;17.00;241680.373236;4519.238286;26.215106;99.398399;5.291842;0;77103.858727
26996.00;E2J1_0;100.00;12.60;26903.00;0.28;A2A3_0;4.60;0.00;tripinfo_flow_0.104 emissions_flow_0.104;93.00;flow_0.104;0;632.42;1.06;0.00;46.03;car;;1;29.00;263128.925708;5925.604151;33.174352;109.182585;6.333781;0;83944.885348
27267.00;E2J1_0;100.00;13.29;27162.00;0.60;A2A3_0;4.60;0.00;tripinfo_flow_0.105 emissions_flow_0.105;105.00;flow_0.105;0;632.42;0.96;0.00;55.84;car;;1;39.00;282066.091963;6897.222636;37.775412;115.574818;6.946276;0;89986.070610
27538.00;E2J1_0;100.00;12.26;27421.00;0.92;A2A3_0;4.60;0.00;tripinfo_flow_0.106 emissions_flow_0.106;117.00;flow_0.106;0;632.42;0.93;0.00;66.42;car;;1;50.00;304758.531762;8070.148522;43.641878;123.922362;7.695156;0;97224.879450
27744.00;E2J1_0;100.00;10.76;27679.00;0.24;A2A3_0;4.60;0.00;tripinfo_flow_0.107 emissions_flow_0.107;65.00;flow_0.107;0;632.42;0.87;0.00;10.98;car;;0;0.00;161443.143510;1992.626720;12.990703;64.866352;2.818533;0;51507.230383
27995.00;E2J1_0;100.00;12.91;27938.00;0.56;A2A3_0;4.60;0.00;tripinfo_flow_0.108 emissions_flow_0.108;57.00;flow_0.108;0;632.42;1.10;0.00;10.35;car;;0;0.00;168354.720256;1873.236227;12.533440;67.945482;2.942335;0;53712.792880
28255.00;E2J1_0;100.00;13.06;28197.00;0.88;A2A3_0;4.60;0.00;tripinfo_flow_0.109 emissions_flow_0.109;58.00;flow_0.109;0;632.42;1.01;0.00;11.53;car;;0;0.00;177139.185432;2016.948238;13.455666;71.679895;3.125807;0;56515.266695
28526.00;E2J1_0;100.00;12.95;28455.00;0.20;A2A3_0;4.60;0.00;tripinfo_flow_0.110 emissions_flow_0.110;71.00;flow_0.110;0;632.42;1.10;0.00;25.13;car;;1;8.00;210008.491404;3391.119051;20.482492;86.292913;4.310267;0;67000.197576
28798.00;E2J1_0;100.00;12.48;28714.00;0.52;A2A3_0;4.60;0.00;tripinfo_flow_0.111 emissions_flow_0.111;84.00;flow_0.111;0;632.42;0.92;0.00;33.33;car;;1;17.00;225209.332221;4348.644362;25.055599;91.266928;4.825375;0;71849.113389
28963.00;E2J1_0;100.00;8.99;28800.00;0.00;A2A1_0;10.10;0.00;tripinfo_flow_1.4 emissions_flow_1.4;163.00;flow_1.4;0;632.08;1.18;60.00;39.18;bus;;2;11.00;376499.173514;11856.973356;62.392564;154.483819;10.456202;0;120108.406994
29066.00;E2J1_0;100.00;13.08;28973.00;0.84;A2A3_0;4.60;0.00;tripinfo_flow_0.112 emissions_flow_0.112;93.00;flow_0.112;0;632.42;1.00;0.00;46.51;car;;1;29.00;264825.634482;5939.943931;33.166123;109.338477;6.325061;0;84486.436798
29336.00;E2J1_0;100.00;13.09;29231.00;0.16;A2A3_0;4.60;0.00;tripinfo_flow_0.113 emissions_flow_0.113;105.00;flow_0.113;0;632.42;0.99;0.00;58.48;car;;1;43.00;289244.124098;7288.099438;39.731809;119.357243;7.295477;0;92275.536456
29605.00;E2J1_0;100.00;12.65;29490.00;0.48;A2A3_0;4.60;0.00;tripinfo_flow_0.114 emissions_flow_0.114;115.00;flow_0.114;0;632.42;1.07;0.00;68.38;car;;1;54.00;313248.480502;8508.916938;45.931546;130.108783;8.304468;0;99932.358186
29809.00;E2J1_0;100.00;12.97;29749.00;0.80;A2A3_0;4.60;0.00;tripinfo_flow_0.115 emissions_flow_0.115;60.00;flow_0.115;0;632.42;0.94;0.00;10.74;car;;0;0.00;171709.229815;1978.426713;13.141828;68.877062;2.950542;0;54782.916827
30064.00;E2J1_0;100.00;13.41;30007.00;0.12;A2A3_0;4.60;0.00;tripinfo_flow_0.116 emissions_flow_0.116;57.00;flow_0.116;0;632.42;1.10;0.00;11.11;car;;0;0.00;164846.902212;1852.743000;12.254963;66.042720;2.851747;0;52593.790046
30324.00;E2J1_0;100.00;13.89;30266.00;0.44;A2A3_0;4.60;0.00;tripinfo_flow_0.117 emissions_flow_0.117;58.00;flow_0.117;0;632.42;1.03;0.00;11.61;car;;0;0.00;182622.089892;2029.221784;13.607109;73.576575;3.184047;0;58264.753415
30596.00;E2J1_0;100.00;13.32;30525.00;0.76;A2A3_0;4.60;0.00;tripinfo_flow_0.118 emissions_flow_0.118;71.00;flow_0.118;0;632.42;1.02;0.00;24.28;car;;1;7.00;213375.923612;3357.747474;20.207506;86.796462;4.270786;0;68075.012029
30865.00;E2J1_0;100.00;12.62;30783.00;0.08;A2A3_0;4.60;0.00;tripinfo_flow_0.119 emissions_flow_0.119;82.00;flow_0.119;0;632.42;1.06;0.00;35.71;car;;1;19.00;239630.882362;4658.726623;26.797656;98.426372;5.327357;0;76449.805253
31136.00;E2J1_0;100.00;12.79;31042.00;0.40;A2A3_0;4.60;0.00;tripinfo_flow_0.120 emissions_flow_0.120;94.00;flow_0.120;0;632.42;1.15;0.00;48.30;car;;1;33.00;266111.477369;6140.393303;34.140634;109.660865;6.434904;0;84896.502883
31405.00;E2J1_0;100.00;13.36;31301.00;0.72;A2A3_0;4.60;0.00;tripinfo_flow_0.121 emissions_flow_0.121;104.00;flow_0.121;0;632.42;1.03;0.00;58.06;car;;1;42.00;296957.178309;7296.380395;40.072547;122.788467;7.442117;0;94736.362462
31680.00;E2J1_0;100.00;10.79;31559.00;0.04;A2A3_0;4.60;0.00;tripinfo_flow_0.122 emissions_flow_0.122;121.00;flow_0.122;0;632.42;0.82;0.00;64.84;car;;1;49.00;293916.057421;8081.507374;43.473402;119.749801;7.540354;0;93765.223765
31874.00;E2J1_0;100.00;12.98;31818.00;0.36;A2A3_0;4.60;0.00;tripinfo_flow_0.123 emissions_flow_0.123;56.00;flow_0.123;0;632.42;1.12;0.00;10.33;car;;0;0.00;166068.764175;1801.005386;12.212513;67.131051;2.877076;0;52983.456781
32135.00;E2J1_0;100.00;12.66;32077.00;0.68;A2A3_0;4.60;0.00;tripinfo_flow_0.124 emissions_flow_0.124;58.00;flow_0.124;0;632.42;1.01;0.00;10.88;car;;0;0.00;174248.401922;1928.289160;12.841993;69.793668;2.994706;0;55593.366190
32394.00;E2J1_0;100.00;13.53;32335.00;0.00;A2A3_0;4.60;0.00;tripinfo_flow_0.125 emissions_flow_0.125;59.00;flow_0.125;0;632.42;1.03;0.00;11.88;car;;0;0.00;184340.071943;2051.199658;13.659382;73.745125;3.165492;0;58813.076251
32666.00;E2J1_0;100.00;13.18;32594.00;0.32;A2A3_0;4.60;0.00;tripinfo_flow_0.126 emissions_flow_0.126;72.00;flow_0.126;0;632.42;1.07;0.00;24.94;car;;1;8.00;217248.345348;3446.916750;20.844272;89.052382;4.405733;0;69310.146522
32937.00;E2J1_0;100.00;13.05;32853.00;0.64;A2A3_0;4.60;0.00;tripinfo_flow_0.127 emissions_flow_0.127;84.00;flow_0.127;0;632.42;0.96;0.00;35.27;car;;1;19.00;239428.867496;4662.299831;26.832162;98.012361;5.271336;0;76385.350072
33206.00;E2J1_0;100.00;12.69;33112.00;0.96;A2A3_0;4.60;0.00;tripinfo_flow_0.128 emissions_flow_0.128;94.00;flow_0.128;0;632.42;1.04;0.00;47.52;car;;1;31.00;270252.654210;6078.706908;33.859345;110.920087;6.397131;0;86217.988632
33476.00;E2J1_0;100.00;13.19;33370.00;0.28;A2A3_0;4.60;0.00;tripinfo_flow_0.129 emissions_flow_0.129;106.00;flow_0.129;0;632.42;1.23;0.00;60.17;car;;1;43.00;294966.460185;7400.303800;40.428235;121.248642;7.401771;0;94101.304516
33745.00;E2J1_0;100.00;13.90;33629.00;0.60;A2A3_0;4.60;0.00;tripinfo_flow_0.130 emissions_flow_0.130;116.00;flow_0.130;0;632.42;1.01;0.00;70.15;car;;1;54.00;322384.891351;8691.846735;46.939551;133.125030;8.447885;0;102847.402020
33945.00;E2J1_0;100.00;12.93;33888.00;0.92;A2A3_0;4.60;0.00;tripinfo_flow_0.131 emissions_flow_0.131;57.00;flow_0.131;0;632.42;1.12;0.00;10.88;car;;0;0.00;168807.756632;1869.682244;12.499488;68.132905;2.944982;0;53857.345188
34205.00;E2J1_0;100.00;12.83;34146.00;0.24;A2A3_0;4.60;0.00;tripinfo_flow_0.132 emissions_flow_0.132;59.00;flow_0.132;0;632.42;1.02;0.00;12.22;car;;0;0.00;171711.302185;1986.748355;13.200866;69.232245;3.012022;0;54783.540974
34464.00;E2J1_0;100.00;12.98;34405.00;0.56;A2A3_0;4.60;0.00;tripinfo_flow_0.133 emissions_flow_0.133;59.00;flow_0.133;0;632.42;1.00;0.00;12.74;car;;0;0.00;184742.168495;2180.413046;14.302740;75.281592;3.365067;0;58940.764136
34737.00;E2J1_0;100.00;12.31;34664.00;0.88;A2A3_0;4.60;0.00;tripinfo_flow_0.134 emissions_flow_0.134;73.00;flow_0.134;0;632.42;0.95;0.00;24.23;car;;1;9.00;205951.020472;3337.134409;20.061225;83.901507;4.150328;0;65705.901255
35005.00;E2J1_0;100.00;13.39;34922.00;0.20;A2A3_0;4.60;0.00;tripinfo_flow_0.135 emissions_flow_0.135;83.00;flow_0.135;0;632.42;1.11;0.00;37.31;car;;1;23.00;251415.759812;5133.402754;29.334909;104.275859;5.804543;0;80208.889290
35275.00;E2J1_0;100.00;12.61;35181.00;0.52;A2A3_0;4.60;0.00;tripinfo_flow_0.136 emissions_flow_0.136;94.00;flow_0.136;0;632.42;1.16;0.00;48.25;car;;1;33.00;269284.012453;6194.001794;34.423799;110.617331;6.468231;0;85908.763767
35547.00;E2J1_0;100.00;12.82;35440.00;0.84;A2A3_0;4.60;0.00;tripinfo_flow_0.137 emissions_flow_0.137;107.00;flow_0.137;0;632.42;0.94;0.00;57.94;car;;1;44.00;282817.471560;7280.934606;39.703185;116.958856;7.215419;0;90224.874845
35816.00;E2J1_0;100.00;13.70;35698.00;0.16;A2A3_0;4.60;0.00;tripinfo_flow_0.138 emissions_flow_0.138;118.00;flow_0.138;0;632.42;1.13;0.00;71.96;car;;1;57.00;330323.740103;8893.729993;47.902806;135.615241;8.569619;0;105380.352431
36094.00;E2J1_0;100.00;9.92;35957.00;0.48;A2A3_0;4.60;0.00;tripinfo_flow_0.139 emissions_flow_0.139;137.00;flow_0.139;0;632.42;0.73;0.00;74.06;car;;1;58.00;302196.636529;9187.839672;48.604258;123.484109;8.184459;0;96405.496011
36162.00;E2J1_0;100.00;8.71;36000.00;0.00;A2A1_0;10.10;0.00;tripinfo_flow_1.5 emissions_flow_1.5;162.00;flow_1.5;0;632.08;1.14;60.00;38.34;bus;;1;11.00;384835.633049;12044.703666;63.458014;158.285678;10.689833;0;122767.848915
36280.00;E2J1_0;100.00;11.45;36216.00;0.80;A2A3_0;4.60;0.00;tripinfo_flow_0.140 emissions_flow_0.140;64.00;flow_0.140;0;632.42;0.89;0.00;11.54;car;;0;0.00;164743.387536;1976.157491;13.003036;65.733350;2.807275;0;52560.385622
36535.00;E2J1_0;100.00;13.60;36474.00;0.12;A2A3_0;4.60;0.00;tripinfo_flow_0.141 emissions_flow_0.141;61.00;flow_0.141;0;632.42;1.00;0.00;15.26;car;;0;0.00;188737.472614;2345.887040;15.224424;77.552597;3.516386;0;60214.973841
36806.00;E2J1_0;100.00;13.19;36733.00;0.44;A2A3_0;4.60;0.00;tripinfo_flow_0.142 emissions_flow_0.142;73.00;flow_0.142;0;632.42;0.97;0.00;25.05;car;;1;9.00;218238.247843;3582.914082;21.501323;89.013869;4.437613;0;69625.886539
37076.00;E2J1_0;100.00;13.20;36992.00;0.76;A2A3_0;4.60;0.00;tripinfo_flow_0.143 emissions_flow_0.143;84.00;flow_0.143;0;632.42;1.04;0.00;37.02;car;;1;22.00;251709.156439;5166.489137;29.533232;104.580470;5.825882;0;80302.341204
37346.00;E2J1_0;100.00;12.47;37250.00;0.08;A2A3_0;4.60;0.00;tripinfo_flow_0.144 emissions_flow_0.144;96.00;flow_0.144;0;632.42;0.96;0.00;47.63;car;;1;31.00;253046.465346;5876.898033;32.630030;104.096571;6.090068;0;80728.330699
37616.00;E2J1_0;100.00;13.78;37509.00;0.40;A2A3_0;4.60;0.00;tripinfo_flow_0.145 emissions_flow_0.145;107.00;flow_0.145;0;632.42;1.00;0.00;60.40;car;;1;44.00;293643.438886;7503.104418;40.906887;121.780175;7.515803;0;93678.647291
37886.00;E2J1_0;100.00;13.18;37768.00;0.72;A2A3_0;4.60;0.00;tripinfo_flow_0.146 emissions_flow_0.146;118.00;flow_0.146;0;632.42;1.07;0.00;71.96;car;;1;55.00;317911.550091;8755.488797;47.126614;131.809102;8.458437;0;101419.878356
38088.00;E2J1_0;100.00;12.78;38026.00;0.04;A2A3_0;4.60;0.00;tripinfo_flow_0.147 emissions_flow_0.147;62.00;flow_0.147;0;632.42;0.93;0.00;11.77;car;;0;0.00;169754.844762;2009.128091;13.234507;68.117616;2.943142;0;54159.273140
38341.00;E2J1_0;100.00;12.64;38285.00;0.36;A2A3_0;4.60;0.00;tripinfo_flow_0.148 emissions_flow_0.148;56.00;flow_0.148;0;632.42;1.06;0.00;10.29;car;;0;0.00;170007.949849;1864.764720;12.650254;69.018330;2.984464;0;54240.106347
38606.00;E2J1_0;100.00;13.54;38544.00;0.68;A2A3_0;4.60;0.00;tripinfo_flow_0.149 emissions_flow_0.149;62.00;flow_0.149;0;632.42;1.12;0.00;16.25;car;;0;0.00;196616.838110;2449.702683;15.919275;80.272010;3.616650;0;62728.922479
38876.00;E2J1_0;100.00;12.67;38802.00;0.00;A2A3_0;4.60;0.00;tripinfo_flow_0.150 emissions_flow_0.150;74.00;flow_0.150;0;632.42;1.18;0.00;27.70;car;;1;11.00;219409.888020;3710.462333;22.099677;89.671763;4.542076;0;69999.515383
39146.00;E2J1_0;100.00;12.62;39061.00;0.32;A2A3_0;4.60;0.00;tripinfo_flow_0.151 emissions_flow_0.151;85.00;flow_0.151;0;632.42;1.08;0.00;39.16;car;;1;21.00;243685.530625;5027.777921;28.589378;100.198577;5.548637;0;77742.870131
39417.00;E2J1_0;100.00;12.49;39320.00;0.64;A2A3_0;4.60;0.00;tripinfo_flow_0.152 emissions_flow_0.152;97.00;flow_0.152;0;632.42;0.91;0.00;46.12;car;;1;31.00;258182.573615;5995.422387;33.253656;105.904467;6.178726;0;82366.934002
39686.00;E2J1_0;100.00;13.33;39579.00;0.96;A2A3_0;4.60;0.00;tripinfo_flow_0.153 emissions_flow_0.153;107.00;flow_0.153;0;632.42;1.14;0.00;60.11;car;;1;43.00;298828.572887;7516.340811;41.056387;123.221620;7.535256;0;95333.243126
39959.00;E2J1_0;100.00;11.09;39837.00;0.28;A2A3_0;4.60;0.00;tripinfo_flow_0.154 emissions_flow_0.154;122.00;flow_0.154;0;632.42;0.88;0.00;69.20;car;;1;52.00;298105.468155;8402.073006;45.040277;122.784781;7.900975;0;95101.139750
40154.00;E2J1_0;100.00;12.89;40096.00;0.60;A2A3_0;4.60;0.00;tripinfo_flow_0.155 emissions_flow_0.155;58.00;flow_0.155;0;632.42;1.08;0.00;11.51;car;;0;0.00;169619.025269;1945.709409;12.953037;68.179649;2.964114;0;54116.123884
40414.00;E2J1_0;100.00;13.19;40355.00;0.92;A2A3_0;4.60;0.00;tripinfo_flow_0.156 emissions_flow_0.156;59.00;flow_0.156;0;632.42;0.99;0.00;11.49;car;;0;0.00;177229.883724;2056.546594;13.575563;71.273962;3.098952;0;56544.282965
40675.00;E2J1_0;100.00;13.86;40613.00;0.24;A2A3_0;4.60;0.00;tripinfo_flow_0.157 emissions_flow_0.157;62.00;flow_0.157;0;632.42;1.13;0.00;15.93;car;;0;0.00;198641.264983;2524.236359;16.219795;81.421150;3.712094;0;63374.711495
40946.00;E2J1_0;100.00;13.23;40872.00;0.56;A2A3_0;4.60;0.00;tripinfo_flow_0.158 emissions_flow_0.158;74.00;flow_0.158;0;632.42;1.05;0.00;26.84;car;;1;10.00;216978.096960;3654.912280;21.692574;88.444005;4.470138;0;69223.815039
41218.00;E2J1_0;100.00;11.50;41131.00;0.88;A2A3_0;4.60;0.00;tripinfo_flow_0.159 emissions_flow_0.159;87.00;flow_0.159;0;632.42;0.91;0.00;36.02;car;;1;21.00;233135.510384;4856.914430;27.598457;95.483491;5.262594;0;74377.013805
41486.00;E2J1_0;100.00;12.69;41389.00;0.20;A2A3_0;4.60;0.00;tripinfo_flow_0.160 emissions_flow_0.160;97.00;flow_0.160;0;632.42;1.00;0.00;50.29;car;;1;34.00;270162.036330;6242.575874;34.651423;111.160792;6.507793;0;86188.757242
41756.00;E2J1_0;100.00;13.02;41648.00;0.52;A2A3_0;4.60;0.00;tripinfo_flow_0.161 emissions_flow_0.161;108.00;flow_0.161;0;632.42;1.03;0.00;60.82;car;;1;43.00;295767.693676;7470.313918;40.724511;121.297032;7.406765;0;94356.886950
42026.00;E2J1_0;100.00;12.67;41907.00;0.84;A2A3_0;4.60;0.00;tripinfo_flow_0.162 emissions_flow_0.162;119.00;flow_0.162;0;632.42;0.98;0.00;70.71;car;;1;53.00;318818.495948;8533.671014;46.100013;130.819176;8.234367;0;101709.943357
42226.00;E2J1_0;100.00;12.12;42165.00;0.16;A2A3_0;4.60;0.00;tripinfo_flow_0.163 emissions_flow_0.163;61.00;flow_0.163;0;632.42;0.94;0.00;11.77;car;;0;0.00;160439.972058;1845.758607;12.125902;63.815916;2.720621;0;51187.721067
42481.00;E2J1_0;100.00;13.39;42424.00;0.48;A2A3_0;4.60;0.00;tripinfo_flow_0.164 emissions_flow_0.164;57.00;flow_0.164;0;632.42;1.09;0.00;10.59;car;;0;0.00;168159.907784;1848.999068;12.468852;67.898104;2.910874;0;53650.612704
42746.00;E2J1_0;100.00;11.27;42683.00;0.80;A2A3_0;4.60;0.00;tripinfo_flow_0.165 emissions_flow_0.165;63.00;flow_0.165;0;632.42;0.90;0.00;11.58;car;;0;0.00;160478.245511;2036.061212;13.161951;65.183745;2.911417;0;51199.153640
43018.00;E2J1_0;100.00;12.18;42941.00;0.12;A2A3_0;4.60;0.00;tripinfo_flow_0.166 emissions_flow_0.166;77.00;flow_0.166;0;632.42;0.89;0.00;25.51;car;;1;8.00;202137.956071;3422.102678;20.386981;82.086901;4.089180;0;64489.142784
43286.00;E2J1_0;100.00;13.68;43200.00;0.44;A2A3_0;4.60;0.00;tripinfo_flow_0.167 emissions_flow_0.167;86.00;flow_0.167;0;632.42;1.14;0.00;39.80;car;;1;23.00;249513.185389;5147.020096;29.216216;102.401145;5.670760;0;79602.165258
43365.00;E2J1_0;100.00;9.93;43200.00;0.00;A2A1_0;10.10;0.00;tripinfo_flow_1.6 emissions_flow_1.6;165.00;flow_1.6;0;632.08;0.96;60.00;40.44;bus;;2;12.00;390139.002595;12192.974997;64.271592;160.933131;10.873671;0;124459.583296
43558.00;E2J1_0;100.00;11.93;43459.00;0.76;A2A3_0;4.60;0.00;tripinfo_flow_0.168 emissions_flow_0.168;99.00;flow_0.168;0;632.42;0.92;0.00;48.00;car;;1;33.00;257549.931369;6110.183768;33.743620;105.539002;6.217659;0;82164.962705
43826.00;E2J1_0;100.00;12.61;43717.00;0.08;A2A3_0;4.60;0.00;tripinfo_flow_0.169 emissions_flow_0.169;109.00;flow_0.169;0;632.42;1.09;0.00;63.24;car;;1;47.00;299080.759741;7715.472301;41.958572;123.235079;7.613877;0;95413.414026
44096.00;E2J1_0;100.00;13.81;43976.00;0.40;A2A3_0;4.60;0.00;tripinfo_flow_0.170 emissions_flow_0.170;120.00;flow_0.170;0;632.42;1.03;0.00;73.17;car;;1;56.00;325000.692889;8970.537471;48.110302;134.243273;8.618801;0;103681.620413
44292.00;E2J1_0;100.00;12.73;44235.00;0.72;A2A3_0;4.60;0.00;tripinfo_flow_0.171 emissions_flow_0.171;57.00;flow_0.171;0;632.42;1.08;0.00;10.93;car;;0;0.00;162379.435935;1777.938635;11.856136;64.753280;2.762974;0;51806.731554
44549.00;E2J1_0;100.00;13.43;44493.00;0.04;A2A3_0;4.60;0.00;tripinfo_flow_0.172 emissions_flow_0.172;56.00;flow_0.172;0;632.42;1.06;0.00;10.34;car;;0;0.00;166266.885262;1835.272036;12.384230;67.263561;2.903497;0;53046.612939
44816.00;E2J1_0;100.00;13.34;44752.00;0.36;A2A3_0;4.60;0.00;tripinfo_flow_0.173 emissions_flow_0.173;64.00;flow_0.173;0;632.42;1.10;0.00;17.54;car;;1;1.00;197562.601223;2629.031848;16.750788;81.234187;3.771826;0;63030.274005
45086.00;E2J1_0;100.00;12.82;45011.00;0.68;A2A3_0;4.60;0.00;tripinfo_flow_0.174 emissions_flow_0.174;75.00;flow_0.174;0;632.42;1.03;0.00;28.43;car;;1;12.00;228798.112499;3974.127059;23.424163;93.494091;4.787909;0;72994.586353
45356.00;E2J1_0;100.00;12.79;45269.00;0.00;A2A3_0;4.60;0.00;tripinfo_flow_0.175 emissions_flow_0.175;87.00;flow_0.175;0;632.42;1.03;0.00;40.26;car;;1;22.00;252412.673143;5335.681531;30.277316;105.235337;5.947042;0;80526.452241
45625.00;E2J1_0;100.00;13.89;45528.00;0.32;A2A3_0;4.60;0.00;tripinfo_flow_0.176 emissions_flow_0.176;97.00;flow_0.176;0;632.42;1.08;0.00;51.27;car;;1;33.00;270370.008897;6263.900700;34.669912;110.680117;6.481885;0;86255.304251
45897.00;E2J1_0;100.00;12.71;45787.00;0.64;A2A3_0;4.60;0.00;tripinfo_flow_0.177 emissions_flow_0.177;110.00;flow_0.177;0;632.42;0.94;0.00;60.26;car;;1;43.00;286621.852324;7232.095568;39.507734;117.762249;7.164318;0;91439.001454
46168.00;E2J1_0;100.00;12.14;46046.00;0.96;A2A3_0;4.60;0.00;tripinfo_flow_0.178 emissions_flow_0.178;122.00;flow_0.178;0;632.42;0.92;0.00;71.23;car;;1;55.00;312264.456612;8712.818212;46.786320;128.244878;8.209110;0;99618.393754
46361.00;E2J1_0;100.00;12.95;46304.00;0.28;A2A3_0;4.60;0.00;tripinfo_flow_0.179 emissions_flow_0.179;57.00;flow_0.179;0;632.42;1.08;0.00;10.65;car;;0;0.00;169952.741055;1917.196044;12.842596;68.799744;2.990972;0;54222.492578
46627.00;E2J1_0;100.00;12.30;46563.00;0.60;A2A3_0;4.60;0.00;tripinfo_flow_0.180 emissions_flow_0.180;64.00;flow_0.180;0;632.42;0.89;0.00;11.43;car;;0;0.00;171413.517576;2000.108127;13.269406;68.466769;2.912000;0;54688.528251
46886.00;E2J1_0;100.00;13.48;46822.00;0.92;A2A3_0;4.60;0.00;tripinfo_flow_0.181 emissions_flow_0.181;64.00;flow_0.181;0;632.42;0.97;0.00;15.57;car;;1;1.00;196524.965171;2552.733172;16.431096;80.981081;3.738389;0;62699.224348
47156.00;E2J1_0;100.00;12.59;47080.00;0.24;A2A3_0;4.60;0.00;tripinfo_flow_0.182 emissions_flow_0.182;76.00;flow_0.182;0;632.42;0.97;0.00;27.55;car;;1;10.00;215937.730233;3695.183891;21.969931;88.246589;4.474967;0;68891.647240
47429.00;E2J1_0;100.00;11.28;47339.00;0.56;A2A3_0;4.60;0.00;tripinfo_flow_0.183 emissions_flow_0.183;90.00;flow_0.183;0;632.42;0.90;0.00;38.49;car;;1;22.00;235791.082994;4992.621718;28.269335;96.636423;5.378451;0;75224.096420
47698.00;E2J1_0;100.00;12.83;47598.00;0.88;A2A3_0;4.60;0.00;tripinfo_flow_0.184 emissions_flow_0.184;100.00;flow_0.184;0;632.42;0.93;0.00;49.67;car;;1;34.00;268184.839638;6219.977170;34.462062;108.631590;6.279547;0;85558.343725
47965.00;E2J1_0;100.00;13.10;47856.00;0.20;A2A3_0;4.60;0.00;tripinfo_flow_0.185 emissions_flow_0.185;109.00;flow_0.185;0;632.42;1.10;0.00;62.65;car;;1;48.00;300191.248618;7753.203956;42.166152;123.776196;7.654936;0;95767.655375
48236.00;E2J1_0;100.00;13.04;48115.00;0.52;A2A3_0;4.60;0.00;tripinfo_flow_0.186 emissions_flow_0.186;121.00;flow_0.186;0;632.42;1.07;0.00;74.26;car;;1;57.00;326600.174920;8978.418442;48.220027;133.909663;8.535162;0;104192.214144
48432.00;E2J1_0;100.00;13.29;48374.00;0.84;A2A3_0;4.60;0.00;tripinfo_flow_0.187 emissions_flow_0.187;58.00;flow_0.187;0;632.42;1.00;0.00;11.54;car;;0;0.00;175030.738095;2032.584361;13.583269;71.608066;3.184405;0;55842.259792
48699.00;E2J1_0;100.00;10.42;48632.00;0.16;A2A3_0;4.60;0.00;tripinfo_flow_0.188 emissions_flow_0.188;67.00;flow_0.188;0;632.42;0.84;0.00;11.97;car;;0;0.00;158901.441796;2029.991109;13.091361;63.619751;2.767371;0;50696.249503
48956.00;E2J1_0;100.00;13.46;48891.00;0.48;A2A3_0;4.60;0.00;tripinfo_flow_0.189 emissions_flow_0.189;65.00;flow_0.189;0;632.42;1.03;0.00;18.25;car;;0;0.00;199488.813042;2687.051355;17.001221;81.417364;3.773976;0;63644.951674
49229.00;E2J1_0;100.00;11.03;49150.00;0.80;A2A3_0;4.60;0.00;tripinfo_flow_0.190 emissions_flow_0.190;79.00;flow_0.190;0;632.42;0.87;0.00;26.09;car;;1;10.00;198440.291696;3498.253675;20.598147;80.315897;4.062390;0;63309.338199
49496.00;E2J1_0;100.00;13.22;49408.00;0.12;A2A3_0;4.60;0.00;tripinfo_flow_0.191 emissions_flow_0.191;88.00;flow_0.191;0;632.42;1.06;0.00;40.94;car;;1;26.00;251332.619513;5236.392499;29.660797;102.538448;5.693968;0;80182.747366
49770.00;E2J1_0;100.00;11.16;49667.00;0.44;A2A3_0;4.60;0.00;tripinfo_flow_0.192 emissions_flow_0.192;103.00;flow_0.192;0;632.42;0.83;0.00;47.02;car;;1;32.00;244685.190673;5994.260384;32.954973;99.921821;5.920487;0;78060.468809
50037.00;E2J1_0;100.00;12.27;49926.00;0.76;A2A3_0;4.60;0.00;tripinfo_flow_0.193 emissions_flow_0.193;111.00;flow_0.193;0;632.42;0.95;0.00;61.40;car;;1;45.00;296349.762631;7642.386689;41.515731;121.737760;7.515853;0;94542.241369
50309.00;E2J1_0;100.00;11.73;50184.00;0.08;A2A3_0;4.60;0.00;tripinfo_flow_0.194 emissions_flow_0.194;125.00;flow_0.194;0;632.42;0.87;0.00;72.14;car;;1;56.00;313639.162905;8793.395801;47.179025;128.847997;8.260629;0;100056.837327
50500.00;E2J1_0;100.00;13.55;50443.00;0.40;A2A3_0;4.60;0.00;tripinfo_flow_0.195 emissions_flow_0.195;57.00;flow_0.195;0;632.42;1.11;0.00;10.97;car;;0;0.00;171707.508995;1913.933622;12.845484;69.031645;2.976492;0;54782.526292
50563.00;E2J1_0;100.00;9.90;50400.00;0.00;A2A1_0;10.10;0.00;tripinfo_flow_1.7 emissions_flow_1.7;163.00;flow_1.7;0;632.08;1.03;60.00;38.86;bus;;1;10.00;380655.572898;11940.694917;62.894109;156.770164;10.604383;0;121434.247853
50759.00;E2J1_0;100.00;12.87;50702.00;0.72;A2A3_0;4.60;0.00;tripinfo_flow_0.196 emissions_flow_0.196;57.00;flow_0.196;0;632.42;1.07;0.00;10.95;car;;0;0.00;165371.316344;1834.107088;12.227200;66.236157;2.839295;0;52761.133850
51025.00;E2J1_0;100.00;13.31;50960.00;0.04;A2A3_0;4.60;0.00;tripinfo_flow_0.197 emissions_flow_0.197;65.00;flow_0.197;0;632.42;1.02;0.00;19.10;car;;1;2.00;203549.171676;2826.876166;17.807667;83.993368;3.986844;0;64939.979253
51296.00;E2J1_0;100.00;12.74;51219.00;0.36;A2A3_0;4.60;0.00;tripinfo_flow_0.198 emissions_flow_0.198;77.00;flow_0.198;0;632.42;1.00;0.00;30.16;car;;1;14.00;229770.023098;4098.713524;24.096886;94.172316;4.896069;0;73304.408870
51566.00;E2J1_0;100.00;13.39;51478.00;0.68;A2A3_0;4.60;0.00;tripinfo_flow_0.199 emissions_flow_0.199;88.00;flow_0.199;0;632.42;0.97;0.00;39.72;car;;1;23.00;243951.143732;5161.861160;29.189441;99.577293;5.554389;0;77827.615677
51836.00;E2J1_0;100.00;12.27;51736.00;0.00;A2A3_0;4.60;0.00;tripinfo_flow_0.200 emissions_flow_0.200;100.00;flow_0.200;0;632.42;0.96;0.00;51.60;car;;1;34.00;274986.009658;6513.266743;36.036654;113.634914;6.735847;0;87727.314837
52106.00;E2J1_0;100.00;12.40;51995.00;0.32;A2A3_0;4.60;0.00;tripinfo_flow_0.201 emissions_flow_0.201;111.00;flow_0.201;0;632.42;0.98;0.00;64.39;car;;1;47.00;306340.084194;7997.936979;43.458124;126.508133;7.873169;0;97729.054121
52376.00;E2J1_0;100.00;12.63;52254.00;0.64;A2A3_0;4.60;0.00;tripinfo_flow_0.202 emissions_flow_0.202;122.00;flow_0.202;0;632.42;1.10;0.00;75.37;car;;1;57.00;331354.722088;9175.953088;49.324067;137.039945;8.796385;0;105708.505126
52571.00;E2J1_0;100.00;13.66;52513.00;0.96;A2A3_0;4.60;0.00;tripinfo_flow_0.203 emissions_flow_0.203;58.00;flow_0.203;0;632.42;1.04;0.00;11.61;car;;0;0.00;178037.224332;2042.224104;13.557122;72.308228;3.182387;0;56801.728679
52828.00;E2J1_0;100.00;13.01;52771.00;0.28;A2A3_0;4.60;0.00;tripinfo_flow_0.204 emissions_flow_0.204;57.00;flow_0.204;0;632.42;1.00;0.00;10.63;car;;0;0.00;177124.024215;2014.827968;13.545818;72.481488;3.197003;0;56510.170620
53096.00;E2J1_0;100.00;13.04;53030.00;0.60;A2A3_0;4.60;0.00;tripinfo_flow_0.205 emissions_flow_0.205;66.00;flow_0.205;0;632.42;1.10;0.00;19.30;car;;1;4.00;201417.606671;2981.130225;18.384691;82.994912;4.030092;0;64259.746982
53370.00;E2J1_0;100.00;11.42;53289.00;0.92;A2A3_0;4.60;0.00;tripinfo_flow_0.206 emissions_flow_0.206;81.00;flow_0.206;0;632.42;0.83;0.00;24.91;car;;1;11.00;206928.612296;3695.616448;21.733893;83.598647;4.216424;0;66017.306743
53636.00;E2J1_0;100.00;13.66;53547.00;0.24;A2A3_0;4.60;0.00;tripinfo_flow_0.207 emissions_flow_0.207;89.00;flow_0.207;0;632.42;1.09;0.00;42.82;car;;1;25.00;251281.883941;5353.544222;30.206439;103.022648;5.793393;0;80166.228536
53906.00;E2J1_0;100.00;13.04;53806.00;0.56;A2A3_0;4.60;0.00;tripinfo_flow_0.208 emissions_flow_0.208;100.00;flow_0.208;0;632.42;0.97;0.00;51.45;car;;1;37.00;270486.770723;6520.334746;35.914610;111.105291;6.615863;0;86291.987082
54176.00;E2J1_0;100.00;13.72;54065.00;0.88;A2A3_0;4.60;0.00;tripinfo_flow_0.209 emissions_flow_0.209;111.00;flow_0.209;0;632.42;1.07;0.00;64.54;car;;1;48.00;300665.385514;7884.895907;42.796742;124.458124;7.781322;0;95918.614792
54380.00;E2J1_0;100.00;13.05;54323.00;0.20;A2A3_0;4.60;0.00;tripinfo_flow_0.210 emissions_flow_0.210;57.00;flow_0.210;0;632.42;1.07;0.00;11.01;car;;0;0.00;170439.061797;1907.052382;12.632967;68.347921;2.940277;0;54377.943845
54645.00;E2J1_0;100.00;12.31;54582.00;0.52;A2A3_0;4.60;0.00;tripinfo_flow_0.211 emissions_flow_0.211;63.00;flow_0.211;0;632.42;0.91;0.00;11.70;car;;0;0.00;167261.226552;2017.758666;13.233685;67.864934;2.988105;0;53363.402548
54898.00;E2J1_0;100.00;13.31;54841.00;0.84;A2A3_0;4.60;0.00;tripinfo_flow_0.212 emissions_flow_0.212;57.00;flow_0.212;0;632.42;1.00;0.00;10.34;car;;0;0.00;171293.518239;1954.317976;13.049463;69.482528;3.036653;0;54650.182059
55166.00;E2J1_0;100.00;13.48;55099.00;0.16;A2A3_0;4.60;0.00;tripinfo_flow_0.213 emissions_flow_0.213;67.00;flow_0.213;0;632.42;1.15;0.00;20.75;car;;1;5.00;202510.919474;3037.816088;18.649665;83.317131;4.048234;0;64608.532232
55440.00;E2J1_0;100.00;11.11;55358.00;0.48;A2A3_0;4.60;0.00;tripinfo_flow_0.214 emissions_flow_0.214;82.00;flow_0.214;0;632.42;0.84;0.00;25.39;car;;1;11.00;207099.611694;3781.928038;22.140902;84.326740;4.329768;0;66071.564514
55706.00;E2J1_0;100.00;13.81;55617.00;0.80;A2A3_0;4.60;0.00;tripinfo_flow_0.215 emissions_flow_0.215;89.00;flow_0.215;0;632.42;1.06;0.00;42.58;car;;1;28.00;266051.235756;5741.635276;32.333377;109.952663;6.260145;0;84877.765300
55976.00;E2J1_0;100.00;12.95;55875.00;0.12;A2A3_0;4.60;0.00;tripinfo_flow_0.216 emissions_flow_0.216;101.00;flow_0.216;0;632.42;1.02;0.00;54.73;car;;1;37.00;282144.959042;6685.707817;36.836532;115.154066;6.779760;0;90011.685578
56246.00;E2J1_0;100.00;12.25;56134.00;0.44;A2A3_0;4.60;0.00;tripinfo_flow_0.217 emissions_flow_0.217;112.00;flow_0.217;0;632.42;0.97;0.00;64.52;car;;1;49.00;300624.670681;7967.296923;43.096930;123.582574;7.742982;0;95905.750721
56450.00;E2J1_0;100.00;13.71;56393.00;0.76;A2A3_0;4.60;0.00;tripinfo_flow_0.218 emissions_flow_0.218;57.00;flow_0.218;0;632.42;1.24;0.00;10.81;car;;0;0.00;167673.027936;1832.731571;12.292633;67.286142;2.873912;0;53495.470448
56709.00;E2J1_0;100.00;12.91;56651.00;0.08;A2A3_0;4.60;0.00;tripinfo_flow_0.219 emissions_flow_0.219;58.00;flow_0.219;0;632.42;1.11;0.00;10.94;car;;0;0.00;166322.536407;1857.634730;12.279333;66.225152;2.815417;0;53064.695479
56966.00;E2J1_0;100.00;13.63;56910.00;0.40;A2A3_0;4.60;0.00;tripinfo_flow_0.220 emissions_flow_0.220;56.00;flow_0.220;0;632.42;1.09;0.00;10.33;car;;0;0.00;173824.577115;1882.381938;12.767898;69.915738;2.977445;0;55458.035316
57236.00;E2J1_0;100.00;13.05;57169.00;0.72;A2A3_0;4.60;0.00;tripinfo_flow_0.221 emissions_flow_0.221;67.00;flow_0.221;0;632.42;0.99;0.00;19.61;car;;1;5.00;204921.166784;2974.266878;18.253490;83.124972;3.947886;0;65378.044894
57506.00;E2J1_0;100.00;13.05;57427.00;0.04;A2A3_0;4.60;0.00;tripinfo_flow_0.222 emissions_flow_0.222;79.00;flow_0.222;0;632.42;1.04;0.00;32.89;car;;1;17.00;234810.668058;4412.375962;25.509708;96.076788;5.113296;0;74912.351874
57762.00;E2J1_0;100.00;9.77;57600.00;0.00;A2A1_0;10.10;0.00;tripinfo_flow_1.8 emissions_flow_1.8;162.00;flow_1.8;0;632.08;1.14;60.00;37.83;bus;;2;10.00;391866.872875;12137.884615;64.071304;161.646535;10.863890;0;125010.935206
57777.00;E2J1_0;100.00;12.38;57686.00;0.36;A2A3_0;4.60;0.00;tripinfo_flow_0.223 emissions_flow_0.223;91.00;flow_0.223;0;632.42;0.97;0.00;42.03;car;;1;25.00;253053.833199;5446.581746;30.676540;104.168425;5.873328;0;80731.249053
58046.00;E2J1_0;100.00;12.97;57945.00;0.68;A2A3_0;4.60;0.00;tripinfo_flow_0.224 emissions_flow_0.224;101.00;flow_0.224;0;632.42;1.15;0.00;54.80;car;;1;38.00;282934.258813;6782.645925;37.288873;115.894828;6.883144;0;90263.283192
58318.00;E2J1_0;100.00;11.62;58203.00;0.00;A2A3_0;4.60;0.00;tripinfo_flow_0.225 emissions_flow_0.225;115.00;flow_0.225;0;632.42;0.91;0.00;64.08;car;;1;48.00;296495.283088;7900.994869;42.821835;122.420525;7.666040;0;94588.034461
58586.00;E2J1_0;100.00;12.69;58462.00;0.32;A2A3_0;4.60;0.00;tripinfo_flow_0.226 emissions_flow_0.226;124.00;flow_0.226;0;632.42;0.96;0.00;75.52;car;;1;61.00;328716.966471;9248.865392;49.514516;135.196593;8.749188;0;104867.048357
58779.00;E2J1_0;100.00;13.26;58721.00;0.64;A2A3_0;4.60;0.00;tripinfo_flow_0.227 emissions_flow_0.227;58.00;flow_0.227;0;632.42;1.04;0.00;11.94;car;;0;0.00;169170.770635;1873.519384;12.603432;68.139483;2.921136;0;53973.146211
59044.00;E2J1_0;100.00;12.04;58980.00;0.96;A2A3_0;4.60;0.00;tripinfo_flow_0.228 emissions_flow_0.228;64.00;flow_0.228;0;632.42;0.88;0.00;11.73;car;;0;0.00;167079.937827;2005.642169;13.178916;66.612384;2.838553;0;53305.847404
59306.00;E2J1_0;100.00;12.62;59238.00;0.28;A2A3_0;4.60;0.00;tripinfo_flow_0.229 emissions_flow_0.229;68.00;flow_0.229;0;632.42;1.10;0.00;21.77;car;;1;5.00;207762.734404;3160.843753;19.352383;85.358315;4.159722;0;66284.016499
59576.00;E2J1_0;100.00;12.65;59497.00;0.60;A2A3_0;4.60;0.00;tripinfo_flow_0.230 emissions_flow_0.230;79.00;flow_0.230;0;632.42;1.13;0.00;32.34;car;;1;18.00;229066.814456;4394.392992;25.426451;94.367910;5.075521;0;73079.489396
59847.00;E2J1_0;100.00;12.43;59756.00;0.92;A2A3_0;4.60;0.00;tripinfo_flow_0.231 emissions_flow_0.231;91.00;flow_0.231;0;632.42;0.95;0.00;41.93;car;;1;25.00;241442.726531;5307.504402;29.749493;99.096094;5.623462;0;77026.869437
60116.00;E2J1_0;100.00;12.91;60014.00;0.24;A2A3_0;4.60;0.00;tripinfo_flow_0.232 emissions_flow_0.232;102.00;flow_0.232;0;632.42;1.01;0.00;55.72;car;;1;38.00;282432.874798;6871.497434;37.752731;116.168549;6.964503;0;90103.008126
60386.00;E2J1_0;100.00;13.06;60273.00;0.56;A2A3_0;4.60;0.00;tripinfo_flow_0.233 emissions_flow_0.233;113.00;flow_0.233;0;632.42;0.97;0.00;65.57;car;;1;48.00;296546.606471;7804.409133;42.193537;121.439980;7.562750;0;94604.996478
60589.00;E2J1_0;100.00;13.08;60532.00;0.88;A2A3_0;4.60;0.00;tripinfo_flow_0.234 emissions_flow_0.234;57.00;flow_0.234;0;632.42;0.99;0.00;10.26;car;;0;0.00;163276.377112;1916.031092;12.695841;66.931723;2.987610;0;52092.064667
60848.00;E2J1_0;100.00;13.68;60790.00;0.20;A2A3_0;4.60;0.00;tripinfo_flow_0.235 emissions_flow_0.235;58.00;flow_0.235;0;632.42;1.02;0.00;11.41;car;;0;0.00;172528.974967;2018.743805;13.343325;69.872012;3.080012;0;55044.321906
61106.00;E2J1_0;100.00;12.79;61049.00;0.52;A2A3_0;4.60;0.00;tripinfo_flow_0.236 emissions_flow_0.236;57.00;flow_0.236;0;632.42;1.01;0.00;10.28;car;;0;0.00;169155.532756;1885.162080;12.705102;68.660251;2.989271;0;53968.122916
61376.00;E2J1_0;100.00;13.06;61308.00;0.84;A2A3_0;4.60;0.00;tripinfo_flow_0.237 emissions_flow_0.237;68.00;flow_0.237;0;632.42;0.97;0.00;20.15;car;;1;3.00;205180.597964;3028.940974;18.701937;83.594944;3.980831;0;65460.487454
61645.00;E2J1_0;100.00;12.88;61566.00;0.16;A2A3_0;4.60;0.00;tripinfo_flow_0.238 emissions_flow_0.238;79.00;flow_0.238;0;632.42;1.04;0.00;33.39;car;;1;16.00;234086.191901;4415.789490;25.654992;96.377556;5.148341;0;74680.951504
61915.00;E2J1_0;100.00;13.44;61825.00;0.48;A2A3_0;4.60;0.00;tripinfo_flow_0.239 emissions_flow_0.239;90.00;flow_0.239;0;632.42;1.14;0.00;43.60;car;;1;28.00;261962.695564;5716.248216;32.026047;107.077732;6.071505;0;83573.643405
62185.00;E2J1_0;100.00;13.11;62084.00;0.80;A2A3_0;4.60;0.00;tripinfo_flow_0.240 emissions_flow_0.240;101.00;flow_0.240;0;632.42;1.11;0.00;55.26;car;;1;39.00;285670.025599;6874.129578;37.910629;118.089044;7.082452;0;91135.689921
62458.00;E2J1_0;100.00;12.94;62342.00;0.12;A2A3_0;4.60;0.00;tripinfo_flow_0.241 emissions_flow_0.241;116.00;flow_0.241;0;632.42;0.93;0.00;65.59;car;;1;49.00;303600.104330;8092.972273;43.822722;124.840783;7.806960;0;96854.784738
62729.00;E2J1_0;100.00;11.76;62601.00;0.44;A2A3_0;4.60;0.00;tripinfo_flow_0.242 emissions_flow_0.242;128.00;flow_0.242;0;632.42;0.88;0.00;74.62;car;;1;59.00;321780.852393;9054.971650;48.519809;130.830398;8.348889;0;102654.547368
62920.00;E2J1_0;100.00;12.70;62860.00;0.76;A2A3_0;4.60;0.00;tripinfo_flow_0.243 emissions_flow_0.243;60.00;flow_0.243;0;632.42;0.99;0.00;13.34;car;;0;0.00;176581.698298;2128.339945;13.985637;71.715442;3.192561;0;56337.125797
63175.00;E2J1_0;100.00;13.44;63118.00;0.08;A2A3_0;4.60;0.00;tripinfo_flow_0.244 emissions_flow_0.244;57.00;flow_0.244;0;632.42;0.98;0.00;10.20;car;;0;0.00;169220.347156;1916.312433;12.847554;68.585232;2.980435;0;53988.740250
63449.00;E2J1_0;100.00;11.56;63377.00;0.40;A2A3_0;4.60;0.00;tripinfo_flow_0.245 emissions_flow_0.245;72.00;flow_0.245;0;632.42;0.88;0.00;19.12;car;;1;3.00;189506.994808;2759.652687;17.087533;76.664165;3.579684;0;60460.094011
63725.00;E2J1_0;100.00;8.95;63636.00;0.72;A2A3_0;4.60;0.00;tripinfo_flow_0.246 emissions_flow_0.246;89.00;flow_0.246;0;632.42;0.71;0.00;23.44;car;;1;9.00;191488.286752;3601.230260;20.849235;76.161657;3.805805;0;61091.224900
63986.00;E2J1_0;100.00;13.12;63894.00;0.04;A2A3_0;4.60;0.00;tripinfo_flow_0.247 emissions_flow_0.247;92.00;flow_0.247;0;632.42;0.96;0.00;44.11;car;;1;29.00;257925.323302;5754.629892;32.110651;105.514359;6.025209;0;82285.329105
64255.00;E2J1_0;100.00;13.50;64153.00;0.36;A2A3_0;4.60;0.00;tripinfo_flow_0.248 emissions_flow_0.248;102.00;flow_0.248;0;632.42;1.30;0.00;55.27;car;;1;41.00;283337.038869;6978.137142;38.293917;116.418650;7.021976;0;90391.396467
64526.00;E2J1_0;100.00;13.38;64412.00;0.68;A2A3_0;4.60;0.00;tripinfo_flow_0.249 emissions_flow_0.249;114.00;flow_0.249;0;632.42;1.01;0.00;67.08;car;;1;52.00;315795.247726;8378.622185;45.498596;131.087168;8.253845;0;100745.076450
64800.00;E2J1_0;100.00;11.23;64670.00;0.00;A2A3_0;4.60;0.00;tripinfo_flow_0.250 emissions_flow_0.250;130.00;flow_0.250;0;632.42;0.84;0.00;74.51;car;;1;58.00;310321.716234;9099.907488;48.491132;127.992706;8.396508;0;98997.763685
64963.00;E2J1_0;100.00;9.91;64800.00;0.00;A2A1_0;10.10;0.00;tripinfo_flow_1.9 emissions_flow_1.9;163.00;flow_1.9;0;632.08;0.75;60.00;37.62;bus;;1;6.00;391001.220511;12170.550438;64.172115;160.881258;10.816851;0;124734.779884
64986.00;E2J1_0;100.00;13.15;64929.00;0.32;A2A3_0;4.60;0.00;tripinfo_flow_0.251 emissions_flow_0.251;57.00;flow_0.251;0;632.42;1.13;0.00;10.20;car;;0;0.00;171162.218148;1835.942883;12.497459;68.597492;2.912263;0;54608.740571
65246.00;E2J1_0;100.00;12.71;65188.00;0.64;A2A3_0;4.60;0.00;tripinfo_flow_0.252 emissions_flow_0.252;58.00;flow_0.252;0;632.42;1.04;0.00;11.76;car;;0;0.00;165533.743975;1904.326855;12.617674;67.087105;2.933472;0;52812.564325
65517.00;E2J1_0;100.00;12.03;65447.00;0.96;A2A3_0;4.60;0.00;tripinfo_flow_0.253 emissions_flow_0.253;70.00;flow_0.253;0;632.42;0.96;0.00;20.99;car;;1;3.00;198265.973476;2982.976401;18.270385;80.692077;3.869619;0;63254.412117
65786.00;E2J1_0;100.00;13.79;65705.00;0.28;A2A3_0;4.60;0.00;tripinfo_flow_0.254 emissions_flow_0.254;81.00;flow_0.254;0;632.42;1.13;0.00;35.03;car;;1;19.00;238555.392958;4527.821175;26.177664;97.488106;5.189231;0;76106.966065
66056.00;E2J1_0;100.00;13.10;65964.00;0.60;A2A3_0;4.60;0.00;tripinfo_flow_0.255 emissions_flow_0.255;92.00;flow_0.255;0;632.42;0.96;0.00;43.94;car;;1;28.00;261887.546732;5793.832725;32.551912;108.183550;6.196463;0;83549.115040
66327.00;E2J1_0;100.00;13.00;66223.00;0.92;A2A3_0;4.60;0.00;tripinfo_flow_0.256 emissions_flow_0.256;104.00;flow_0.256;0;632.42;0.98;0.00;55.91;car;;1;39.00;284950.949957;6904.303387;37.901462;116.835009;6.973053;0;90906.487394
66598.00;E2J1_0;100.00;12.48;66481.00;0.24;A2A3_0;4.60;0.00;tripinfo_flow_0.257 emissions_flow_0.257;117.00;flow_0.257;0;632.42;0.92;0.00;65.98;car;;1;49.00;300484.130537;8074.224514;43.591939;123.655650;7.789600;0;95860.630556
66798.00;E2J1_0;100.00;12.14;66740.00;0.56;A2A3_0;4.60;0.00;tripinfo_flow_0.258 emissions_flow_0.258;58.00;flow_0.258;0;632.42;0.96;0.00;9.90;car;;0;0.00;166264.302263;1833.245328;12.377070;66.851632;2.846817;0;53045.859925
67056.00;E2J1_0;100.00;13.43;66999.00;0.88;A2A3_0;4.60;0.00;tripinfo_flow_0.259 emissions_flow_0.259;57.00;flow_0.259;0;632.42;1.26;0.00;10.97;car;;0;0.00;166791.696968;1767.795833;11.910107;66.205608;2.766367;0;53214.601741
67317.00;E2J1_0;100.00;13.03;67257.00;0.20;A2A3_0;4.60;0.00;tripinfo_flow_0.260 emissions_flow_0.260;60.00;flow_0.260;0;632.42;0.97;0.00;11.70;car;;0;0.00;172654.805347;1903.390181;12.773085;68.762443;2.893442;0;55084.932465
67589.00;E2J1_0;100.00;10.88;67516.00;0.52;A2A3_0;4.60;0.00;tripinfo_flow_0.261 emissions_flow_0.261;73.00;flow_0.261;0;632.42;0.87;0.00;19.46;car;;1;4.00;194538.096087;2921.490087;17.919054;77.676668;3.609402;0;62065.364683
67856.00;E2J1_0;100.00;13.70;67775.00;0.84;A2A3_0;4.60;0.00;tripinfo_flow_0.262 emissions_flow_0.262;81.00;flow_0.262;0;632.42;1.05;0.00;33.93;car;;1;18.00;234960.210502;4554.426100;26.228313;96.483262;5.192925;0;74959.699801
68127.00;E2J1_0;100.00;12.52;68033.00;0.16;A2A3_0;4.60;0.00;tripinfo_flow_0.263 emissions_flow_0.263;94.00;flow_0.263;0;632.42;0.98;0.00;45.90;car;;1;28.00;259068.941197;5796.566694;32.415234;106.548082;6.139642;0;82650.018069
68399.00;E2J1_0;100.00;11.25;68292.00;0.48;A2A3_0;4.60;0.00;tripinfo_flow_0.264 emissions_flow_0.264;107.00;flow_0.264;0;632.42;0.85;0.00;52.48;car;;1;37.00;273181.699074;6809.098175;37.262155;111.089002;6.649559;0;87151.590522
68667.00;E2J1_0;100.00;12.76;68551.00;0.80;A2A3_0;4.60;0.00;tripinfo_flow_0.265 emissions_flow_0.265;116.00;flow_0.265;0;632.42;0.97;0.00;67.27;car;;1;50.00;307989.337556;8239.436301;44.577480;126.936431;7.980580;0;98254.971837
68873.00;E2J1_0;100.00;11.71;68809.00;0.12;A2A3_0;4.60;0.00;tripinfo_flow_0.266 emissions_flow_0.266;64.00;flow_0.266;0;632.42;0.87;0.00;10.68;car;;0;0.00;161543.434153;1889.314471;12.506456;64.407532;2.731599;0;51539.544504
69124.00;E2J1_0;100.00;13.61;69068.00;0.44;A2A3_0;4.60;0.00;tripinfo_flow_0.267 emissions_flow_0.267;56.00;flow_0.267;0;632.42;1.21;0.00;10.47;car;;0;0.00;163455.211844;1792.074787;12.076329;65.589509;2.816595;0;52149.782994
69386.00;E2J1_0;100.00;13.44;69327.00;0.76;A2A3_0;4.60;0.00;tripinfo_flow_0.268 emissions_flow_0.268;59.00;flow_0.268;0;632.42;0.99;0.00;12.59;car;;0;0.00;171473.193354;2049.233179;13.506333;69.862134;3.093793;0;54707.225121
69657.00;E2J1_0;100.00;12.35;69585.00;0.08;A2A3_0;4.60;0.00;tripinfo_flow_0.269 emissions_flow_0.269;72.00;flow_0.269;0;632.42;0.97;0.00;23.33;car;;1;7.00;212249.737697;3414.333296;20.612288;87.137052;4.337603;0;67715.253457
69926.00;E2J1_0;100.00;13.69;69844.00;0.40;A2A3_0;4.60;0.00;tripinfo_flow_0.270 emissions_flow_0.270;82.00;flow_0.270;0;632.42;0.99;0.00;35.52;car;;1;19.00;235871.867498;4585.527261;26.347809;96.920738;5.245309;0;75250.539803
70196.00;E2J1_0;100.00;13.50;70103.00;0.72;A2A3_0;4.60;0.00;tripinfo_flow_0.271 emissions_flow_0.271;93.00;flow_0.271;0;632.42;1.08;0.00;46.41;car;;1;31.00;260248.285610;5858.612439;32.698362;106.785916;6.185712;0;83026.352177
70467.00;E2J1_0;100.00;12.27;70361.00;0.04;A2A3_0;4.60;0.00;tripinfo_flow_0.272 emissions_flow_0.272;106.00;flow_0.272;0;632.42;0.95;0.00;57.47;car;;1;41.00;279285.990204;7036.965905;38.358250;114.118153;6.940262;0;89098.917071
70736.00;E2J1_0;100.00;12.84;70620.00;0.36;A2A3_0;4.60;0.00;tripinfo_flow_0.273 emissions_flow_0.273;116.00;flow_0.273;0;632.42;1.02;0.00;69.63;car;;1;54.00;314431.548952;8450.770757;45.643874;129.740718;8.192750;0;100310.153281
71013.00;E2J1_0;100.00;9.61;70879.00;0.68;A2A3_0;4.60;0.00;tripinfo_flow_0.274 emissions_flow_0.274;134.00;flow_0.274;0;632.42;0.76;0.00;72.62;car;;1;58.00;309938.567318;9123.955014;48.503014;126.019700;8.190924;0;98875.910255
71194.00;E2J1_0;100.00;12.98;71137.00;0.00;A2A3_0;4.60;0.00;tripinfo_flow_0.275 emissions_flow_0.275;57.00;flow_0.275;0;632.42;1.04;0.00;11.06;car;;0;0.00;170106.350264;1940.048760;12.961273;69.170383;3.038752;0;54271.383797
71455.00;E2J1_0;100.00;13.07;71396.00;0.32;A2A3_0;4.60;0.00;tripinfo_flow_0.276 emissions_flow_0.276;59.00;flow_0.276;0;632.42;0.98;0.00;11.42;car;;0;0.00;170192.212490;2070.713775;13.511616;69.277180;3.102869;0;54298.544440
71728.00;E2J1_0;100.00;12.24;71655.00;0.64;A2A3_0;4.60;0.00;tripinfo_flow_0.277 emissions_flow_0.277;73.00;flow_0.277;0;632.42;0.89;0.00;20.90;car;;1;5.00;195728.260395;2980.039205;18.173057;78.983585;3.763737;0;62444.836693
71996.00;E2J1_0;100.00;13.65;71914.00;0.96;A2A3_0;4.60;0.00;tripinfo_flow_0.278 emissions_flow_0.278;82.00;flow_0.278;0;632.42;1.10;0.00;36.02;car;;1;21.00;241007.125480;4665.128276;26.927652;98.334502;5.269444;0;76889.037361
72162.00;E2J1_0;100.00;9.50;72000.00;0.00;A2A1_0;10.10;0.00;tripinfo_flow_1.10 emissions_flow_1.10;162.00;flow_1.10;0;632.08;1.19;60.00;37.76;bus;;2;13.00;390251.572541;12225.644954;64.370626;159.765955;10.766661;0;124495.792799
72266.00;E2J1_0;100.00;13.15;72172.00;0.28;A2A3_0;4.60;0.00;tripinfo_flow_0.279 emissions_flow_0.279;94.00;flow_0.279;0;632.42;0.97;0.00;46.07;car;;1;31.00;269319.590215;5949.923850;33.407679;110.954600;6.350209;0;85920.255590
72537.00;E2J1_0;100.00;12.90;72431.00;0.60;A2A3_0;4.60;0.00;tripinfo_flow_0.280 emissions_flow_0.280;106.00;flow_0.280;0;632.42;0.97;0.00;57.45;car;;1;40.00;291091.499695;7277.026526;39.820337;119.823132;7.275986;0;92864.965771
72806.00;E2J1_0;100.00;13.48;72690.00;0.92;A2A3_0;4.60;0.00;tripinfo_flow_0.281 emissions_flow_0.281;116.00;flow_0.281;0;632.42;1.09;0.00;70.17;car;;1;52.00;310288.930774;8503.980398;45.820978;128.558131;8.219599;0;98988.170928
73004.00;E2J1_0;100.00;13.26;72948.00;0.24;A2A3_0;4.60;0.00;tripinfo_flow_0.282 emissions_flow_0.282;56.00;flow_0.282;0;632.42;1.14;0.00;10.44;car;;0;0.00;173636.160098;1905.828510;12.840588;70.123784;3.014763;0;55397.814118
73264.00;E2J1_0;100.00;13.88;73207.00;0.56;A2A3_0;4.60;0.00;tripinfo_flow_0.283 emissions_flow_0.283;57.00;flow_0.283;0;632.42;1.05;0.00;11.25;car;;0;0.00;168709.024967;1952.167234;12.977453;68.600330;3.021812;0;53825.522926
73526.00;E2J1_0;100.00;12.20;73466.00;0.88;A2A3_0;4.60;0.00;tripinfo_flow_0.284 emissions_flow_0.284;60.00;flow_0.284;0;632.42;0.96;0.00;11.74;car;;0;0.00;163763.823181;1872.502185;12.457623;65.830208;2.835087;0;52248.000985
73796.00;E2J1_0;100.00;13.33;73724.00;0.20;A2A3_0;4.60;0.00;tripinfo_flow_0.285 emissions_flow_0.285;72.00;flow_0.285;0;632.42;1.10;0.00;25.64;car;;1;8.00;212412.304360;3448.008328;20.740325;86.888543;4.328391;0;67767.213492
74067.00;E2J1_0;100.00;13.08;73983.00;0.52;A2A3_0;4.60;0.00;tripinfo_flow_0.286 emissions_flow_0.286;84.00;flow_0.286;0;632.42;0.98;0.00;36.68;car;;1;20.00;244640.279962;4926.794647;28.207383;100.984551;5.550891;0;78047.507419
74336.00;E2J1_0;100.00;12.46;74242.00;0.84;A2A3_0;4.60;0.00;tripinfo_flow_0.287 emissions_flow_0.287;94.00;flow_0.287;0;632.42;0.98;0.00;47.53;car;;1;32.00;263889.703518;6065.011600;33.791850;109.217697;6.392486;0;84187.516401
74606.00;E2J1_0;100.00;13.36;74500.00;0.16;A2A3_0;4.60;0.00;tripinfo_flow_0.288 emissions_flow_0.288;106.00;flow_0.288;0;632.42;1.16;0.00;59.87;car;;1;44.00;292041.888546;7392.242765;40.262196;119.911471;7.347592;0;93168.258938
74876.00;E2J1_0;100.00;13.56;74759.00;0.48;A2A3_0;4.60;0.00;tripinfo_flow_0.289 emissions_flow_0.289;117.00;flow_0.289;0;632.42;1.07;0.00;70.70;car;;1;52.00;317793.479957;8470.676481;45.729193;130.490557;8.189623;0;101382.977137
75080.00;E2J1_0;100.00;12.77;75018.00;0.80;A2A3_0;4.60;0.00;tripinfo_flow_0.290 emissions_flow_0.290;62.00;flow_0.290;0;632.42;0.94;0.00;11.99;car;;0;0.00;164086.110351;1882.732075;12.527425;65.602768;2.795530;0;52350.856144
75335.00;E2J1_0;100.00;12.53;75276.00;0.12;A2A3_0;4.60;0.00;tripinfo_flow_0.291 emissions_flow_0.291;59.00;flow_0.291;0;632.42;0.98;0.00;10.50;car;;0;0.00;176099.223402;1968.601886;13.205722;70.644390;3.014686;0;56183.680495
75594.00;E2J1_0;100.00;13.03;75535.00;0.44;A2A3_0;4.60;0.00;tripinfo_flow_0.292 emissions_flow_0.292;59.00;flow_0.292;0;632.42;1.04;0.00;12.10;car;;0;0.00;178626.210947;2102.268532;13.896544;72.817228;3.226402;0;56989.415436
75866.00;E2J1_0;100.00;12.56;75794.00;0.76;A2A3_0;4.60;0.00;tripinfo_flow_0.293 emissions_flow_0.293;72.00;flow_0.293;0;632.42;0.98;0.00;24.20;car;;1;10.00;215473.542354;3503.154622;21.099538;88.170160;4.388504;0;68743.802206
76137.00;E2J1_0;100.00;12.13;76052.00;0.08;A2A3_0;4.60;0.00;tripinfo_flow_0.294 emissions_flow_0.294;85.00;flow_0.294;0;632.42;0.96;0.00;36.03;car;;1;22.00;242203.344093;4862.662816;27.848813;99.105722;5.390231;0;77270.280249
76406.00;E2J1_0;100.00;12.97;76311.00;0.40;A2A3_0;4.60;0.00;tripinfo_flow_0.295 emissions_flow_0.295;95.00;flow_0.295;0;632.42;1.06;0.00;48.50;car;;1;33.00;265847.210180;6036.092326;33.520146;108.468233;6.287226;0;84812.714642
76676.00;E2J1_0;100.00;12.83;76570.00;0.72;A2A3_0;4.60;0.00;tripinfo_flow_0.296 emissions_flow_0.296;106.00;flow_0.296;0;632.42;0.99;0.00;58.50;car;;1;42.00;294675.565881;7250.826630;39.754472;120.938370;7.290509;0;94008.708778
76946.00;E2J1_0;100.00;13.26;76828.00;0.04;A2A3_0;4.60;0.00;tripinfo_flow_0.297 emissions_flow_0.297;118.00;flow_0.297;0;632.42;0.99;0.00;70.93;car;;1;52.00;319326.327929;8615.069658;46.544983;132.329077;8.383478;0;101871.428304
77144.00;E2J1_0;100.00;13.13;77087.00;0.36;A2A3_0;4.60;0.00;tripinfo_flow_0.298 emissions_flow_0.298;57.00;flow_0.298;0;632.42;1.05;0.00;10.44;car;;0;0.00;171211.589365;2009.435017;13.278528;69.796501;3.106267;0;54623.876775
77409.00;E2J1_0;100.00;12.17;77346.00;0.68;A2A3_0;4.60;0.00;tripinfo_flow_0.299 emissions_flow_0.299;63.00;flow_0.299;0;632.42;0.90;0.00;11.09;car;;0;0.00;159774.854732;1883.554199;12.412399;64.281410;2.784076;0;50975.150552
77664.00;E2J1_0;100.00;13.08;77604.00;0.00;A2A3_0;4.60;0.00;tripinfo_flow_0.300 emissions_flow_0.300;60.00;flow_0.300;0;632.42;1.09;0.00;13.42;car;;0;0.00;188170.820277;2278.771280;14.976940;77.387600;3.501606;0;60034.271253
77936.00;E2J1_0;100.00;12.79;77863.00;0.32;A2A3_0;4.60;0.00;tripinfo_flow_0.301 emissions_flow_0.301;73.00;flow_0.301;0;632.42;1.11;0.00;26.18;car;;1;11.00;220746.512412;3718.407908;22.017802;90.096992;4.579689;0;70426.123454
78205.00;E2J1_0;100.00;13.82;78122.00;0.64;A2A3_0;4.60;0.00;tripinfo_flow_0.302 emissions_flow_0.302;83.00;flow_0.302;0;632.42;1.07;0.00;37.11;car;;1;21.00;248289.660896;4952.543265;28.409314;102.850603;5.659186;0;79211.767545
78476.00;E2J1_0;100.00;13.49;78381.00;0.96;A2A3_0;4.60;0.00;tripinfo_flow_0.303 emissions_flow_0.303;95.00;flow_0.303;0;632.42;1.21;0.00;48.63;car;;1;32.00;268074.622392;6178.316596;34.361584;110.644947;6.485306;0;85522.730543
78746.00;E2J1_0;100.00;13.46;78639.00;0.28;A2A3_0;4.60;0.00;tripinfo_flow_0.304 emissions_flow_0.304;107.00;flow_0.304;0;632.42;1.15;0.00;60.33;car;;1;44.00;296441.598399;7487.822666;40.995280;122.740203;7.528944;0;94571.483880
79016.00;E2J1_0;100.00;12.63;78898.00;0.60;A2A3_0;4.60;0.00;tripinfo_flow_0.305 emissions_flow_0.305;118.00;flow_0.305;0;632.42;1.13;0.00;71.69;car;;1;57.00;316738.594303;8733.904636;46.901884;130.386948;8.360231;0;101045.990184
79216.00;E2J1_0;100.00;12.45;79157.00;0.92;A2A3_0;4.60;0.00;tripinfo_flow_0.306 emissions_flow_0.306;59.00;flow_0.306;0;632.42;0.98;0.00;11.30;car;;0;0.00;171056.187034;1960.783992;12.984124;68.920830;2.988937;0;54574.572233
79364.00;E2J1_0;100.00;8.84;79200.00;0.00;A2A1_0;10.10;0.00;tripinfo_flow_1.11 emissions_flow_1.11;164.00;flow_1.11;0;632.08;1.18;60.00;39.98;bus;;2;10.00;382016.526863;12157.239375;63.896761;157.417532;10.746888;0;121868.175718
79472.00;E2J1_0;100.00;12.97;79415.00;0.24;A2A3_0;4.60;0.00;tripinfo_flow_0.307 emissions_flow_0.307;57.00;flow_0.307;0;632.42;1.13;0.00;11.02;car;;0;0.00;167593.644093;1874.282476;12.539606;67.621785;2.931359;0;53469.954413
79736.00;E2J1_0;100.00;13.42;79674.00;0.56;A2A3_0;4.60;0.00;tripinfo_flow_0.308 emissions_flow_0.308;62.00;flow_0.308;0;632.42;1.16;0.00;15.25;car;;0;0.00;195388.383388;2316.948119;15.287015;79.172686;3.485336;0;62337.353952
80009.00;E2J1_0;100.00;11.16;79933.00;0.88;A2A3_0;4.60;0.00;tripinfo_flow_0.309 emissions_flow_0.309;76.00;flow_0.309;0;632.42;0.87;0.00;22.21;car;;1;8.00;202517.830216;3263.052882;19.658336;81.526397;3.945452;0;64610.745952
80279.00;E2J1_0;100.00;11.35;80191.00;0.20;A2A3_0;4.60;0.00;tripinfo_flow_0.310 emissions_flow_0.310;88.00;flow_0.310;0;632.42;0.87;0.00;34.70;car;;1;18.00;220691.527651;4543.831188;25.848171;90.012302;4.915244;0;70407.154376
80550.00;E2J1_0;100.00;10.69;80450.00;0.52;A2A3_0;4.60;0.00;tripinfo_flow_0.311 emissions_flow_0.311;100.00;flow_0.311;0;632.42;0.82;0.00;43.38;car;;1;30.00;242011.804266;5696.080193;31.515823;97.685671;5.628625;0;77208.247216
80817.00;E2J1_0;100.00;12.36;80709.00;0.84;A2A3_0;4.60;0.00;tripinfo_flow_0.312 emissions_flow_0.312;108.00;flow_0.312;0;632.42;0.94;0.00;58.53;car;;1;44.00;281550.196967;7248.290918;39.458425;115.544383;7.098611;0;89820.854002
81085.00;E2J1_0;100.00;12.97;80967.00;0.16;A2A3_0;4.60;0.00;tripinfo_flow_0.313 emissions_flow_0.313;118.00;flow_0.313;0;632.42;1.01;0.00;71.44;car;;1;56.00;316475.319247;8731.405215;47.006792;130.939359;8.396272;0;100961.712608
81288.00;E2J1_0;100.00;12.83;81226.00;0.48;A2A3_0;4.60;0.00;tripinfo_flow_0.314 emissions_flow_0.314;62.00;flow_0.314;0;632.42;0.93;0.00;11.58;car;;0;0.00;166390.883801;1960.421659;13.008667;67.566285;2.961860;0;53085.798613
81544.00;E2J1_0;100.00;12.35;81485.00;0.80;A2A3_0;4.60;0.00;tripinfo_flow_0.315 emissions_flow_0.315;59.00;flow_0.315;0;632.42;0.95;0.00;9.49;car;;0;0.00;176523.817598;1912.262409;12.948315;70.791603;2.990426;0;56319.215586
81806.00;E2J1_0;100.00;12.62;81743.00;0.12;A2A3_0;4.60;0.00;tripinfo_flow_0.316 emissions_flow_0.316;63.00;flow_0.316;0;632.42;1.00;0.00;16.79;car;;0;0.00;191534.669836;2487.551971;15.916766;78.028844;3.565365;0;61107.434165
82078.00;E2J1_0;100.00;11.76;82002.00;0.44;A2A3_0;4.60;0.00;tripinfo_flow_0.317 emissions_flow_0.317;76.00;flow_0.317;0;632.42;0.90;0.00;24.58;car;;1;8.00;202439.754724;3439.721167;20.515970;83.044414;4.186346;0;64585.163279
82346.00;E2J1_0;100.00;12.22;82261.00;0.76;A2A3_0;4.60;0.00;tripinfo_flow_0.318 emissions_flow_0.318;85.00;flow_0.318;0;632.42;0.96;0.00;36.53;car;;1;21.00;232419.275103;4765.310643;27.213013;95.638434;5.275720;0;74148.552606
82616.00;E2J1_0;100.00;12.85;82519.00;0.08;A2A3_0;4.60;0.00;tripinfo_flow_0.319 emissions_flow_0.319;97.00;flow_0.319;0;632.42;1.02;0.00;50.92;car;;1;35.00;280014.283266;6539.264136;36.209147;115.264985;6.789743;0;89331.789527
82886.00;E2J1_0;100.00;13.27;82778.00;0.40;A2A3_0;4.60;0.00;tripinfo_flow_0.320 emissions_flow_0.320;108.00;flow_0.320;0;632.42;1.01;0.00;62.11;car;;1;47.00;310057.786727;7744.711548;42.333125;127.271825;7.748106;0;98915.894298
83157.00;E2J1_0;100.00;11.73;83037.00;0.72;A2A3_0;4.60;0.00;tripinfo_flow_0.321 emissions_flow_0.321;120.00;flow_0.321;0;632.42;0.93;0.00;70.35;car;;1;56.00;321450.933067;8777.462559;47.294805;132.107450;8.373862;0;102549.342235
83351.00;E2J1_0;100.00;13.26;83295.00;0.04;A2A3_0;4.60;0.00;tripinfo_flow_0.322 emissions_flow_0.322;56.00;flow_0.322;0;632.42;1.18;0.00;9.62;car;;0;0.00;159480.907206;1791.389641;12.091547;65.466295;2.896569;0;50881.258109
83618.00;E2J1_0;100.00;11.12;83554.00;0.36;A2A3_0;4.60;0.00;tripinfo_flow_0.323 emissions_flow_0.323;64.00;flow_0.323;0;632.42;0.89;0.00;11.79;car;;0;0.00;165015.459826;1992.689905;13.055636;65.653380;2.797710;0;52647.215506
83875.00;E2J1_0;100.00;13.32;83813.00;0.68;A2A3_0;4.60;0.00;tripinfo_flow_0.324 emissions_flow_0.324;62.00;flow_0.324;0;632.42;1.16;0.00;16.10;car;;0;0.00;197223.978991;2515.349241;16.167731;80.797792;3.700798;0;62922.533560
84146.00;E2J1_0;100.00;13.16;84071.00;0.00;A2A3_0;4.60;0.00;tripinfo_flow_0.325 emissions_flow_0.325;75.00;flow_0.325;0;632.42;1.02;0.00;28.76;car;;1;11.00;225341.212211;3855.939810;22.873162;91.765525;4.652511;0;71891.864247
84416.00;E2J1_0;100.00;12.57;84330.00;0.32;A2A3_0;4.60;0.00;tripinfo_flow_0.326 emissions_flow_0.326;86.00;flow_0.326;0;632.42;0.96;0.00;37.86;car;;1;21.00;241207.472874;5051.878470;28.696025;99.770847;5.579774;0;76951.967968
84686.00;E2J1_0;100.00;13.82;84589.00;0.64;A2A3_0;4.60;0.00;tripinfo_flow_0.327 emissions_flow_0.327;97.00;flow_0.327;0;632.42;1.17;0.00;50.14;car;;1;35.00;277211.361122;6408.545413;35.445924;113.998486;6.671183;0;88437.739367
84956.00;E2J1_0;100.00;13.69;84848.00;0.96;A2A3_0;4.60;0.00;tripinfo_flow_0.328 emissions_flow_0.328;108.00;flow_0.328;0;632.42;1.11;0.00;61.84;car;;1;47.00;308079.996681;7877.823213;42.959414;127.431351;7.881663;0;98284.377021
85229.00;E2J1_0;100.00;11.54;85106.00;0.28;A2A3_0;4.60;0.00;tripinfo_flow_0.329 emissions_flow_0.329;123.00;flow_0.329;0;632.42;0.86;0.00;69.04;car;;1;52.00;300168.388998;8308.392823;44.644599;122.537968;7.769153;0;95759.761358
85423.00;E2J1_0;100.00;13.66;85365.00;0.60;A2A3_0;4.60;0.00;tripinfo_flow_0.330 emissions_flow_0.330;58.00;flow_0.330;0;632.42;1.00;0.00;10.83;car;;0;0.00;173825.258836;2001.124313;13.318067;70.991772;3.127391;0;55457.741781
85684.00;E2J1_0;100.00;12.60;85624.00;0.92;A2A3_0;4.60;0.00;tripinfo_flow_0.331 emissions_flow_0.331;60.00;flow_0.331;0;632.42;0.95;0.00;11.55;car;;0;0.00;170200.744149;1998.908562;13.210954;68.754816;3.001377;0;54301.458113
85946.00;E2J1_0;100.00;12.91;85882.00;0.24;A2A3_0;4.60;0.00;tripinfo_flow_0.332 emissions_flow_0.332;64.00;flow_0.332;0;632.42;0.98;0.00;16.75;car;;1;1.00;200223.881380;2726.266029;17.303438;82.700040;3.878549;0;63879.083651
86217.00;E2J1_0;100.00;12.59;86141.00;0.56;A2A3_0;4.60;0.00;tripinfo_flow_0.333 emissions_flow_0.333;76.00;flow_0.333;0;632.42;0.94;0.00;26.78;car;;1;11.00;210893.213010;3615.542674;21.438836;86.139202;4.376366;0;67282.276762
86486.00;E2J1_0;100.00;13.42;86400.00;0.88;A2A3_0;4.60;0.00;tripinfo_flow_0.334 emissions_flow_0.334;86.00;flow_0.334;0;632.42;1.11;0.00;39.35;car;;1;22.00;249530.030439;5071.807272;28.988687;102.614113;5.643010;0;79607.536021
